Temperature,Humidity,HeartRate,AccelX,AccelY,AccelZ,HealthStatus
32.3,31.0,80.0,-0.45,-0.09,-0.99,1
32.3,31.0,80.0,-0.46,-0.09,-0.99,1
32.3,31.0,80.0,-0.66,0.02,-0.84,1
32.3,31.0,80.0,-0.78,0.12,-0.7,0
32.3,31.0,80.0,-0.49,-0.06,-0.97,1
32.3,31.0,80.0,-0.49,-0.07,-0.98,1
32.3,31.0,80.0,-0.49,-0.07,-0.97,1
32.3,31.0,80.0,-0.49,-0.07,-0.98,1
32.3,31.0,80.0,-0.49,-0.07,-0.97,1
32.3,31.0,80.0,-0.49,-0.07,-0.97,1
32.3,31.0,80.0,-0.48,-0.07,-0.97,1
32.3,31.0,80.0,-0.5,-0.07,-0.97,1
32.3,31.0,80.0,-0.49,-0.07,-0.97,1
32.3,31.0,80.0,-0.42,-0.03,-1.01,1
32.3,31.0,80.0,-0.42,-0.02,-1.0,1
32.3,31.0,80.0,-0.58,-0.03,-1.05,1
32.3,31.0,80.0,-0.9,0.43,-0.26,0
32.3,31.0,80.0,-0.88,0.37,-0.43,0
32.3,31.0,80.0,-0.77,-0.43,-0.62,0
32.3,31.0,80.0,-0.93,0.0,-0.63,1
32.3,31.0,80.0,-0.66,-0.39,-0.75,1
32.3,31.0,80.0,-0.76,-0.43,-0.59,0
32.3,31.0,80.0,-0.7,-0.34,-0.73,0
32.3,31.0,80.0,-0.69,-0.38,-0.73,1
32.3,31.0,80.0,-0.68,-0.38,-0.74,1
32.3,31.0,80.0,-0.76,-0.42,-0.58,0
32.3,31.0,80.0,-0.39,-0.14,-1.01,1
32.3,31.0,80.0,-0.38,-0.14,-1.01,1
32.3,31.0,80.0,-0.0,-0.07,0.75,1
32.3,31.0,80.0,0.08,-0.26,0.85,1
32.3,31.0,80.0,0.07,-0.23,0.85,1
32.3,31.0,80.0,-0.94,-0.35,-0.14,0
32.3,31.0,80.0,-0.95,-0.34,-0.16,0
32.3,31.0,80.0,-0.95,-0.33,-0.16,0
32.3,31.0,80.0,-0.95,-0.34,-0.16,0
32.3,31.0,80.0,-0.96,-0.32,-0.17,0
32.3,31.0,80.0,-0.96,-0.32,-0.15,0
32.3,31.0,80.0,-0.96,-0.33,-0.14,0
32.3,31.0,80.0,-0.95,-0.33,-0.13,0
32.3,31.0,80.0,-0.94,-0.33,-0.14,0
32.3,31.0,80.0,-0.94,-0.33,-0.12,0
32.3,31.0,80.0,-0.96,-0.33,-0.13,0
32.3,31.0,80.0,-0.96,-0.33,-0.13,0
32.3,31.0,80.0,-0.96,-0.32,-0.14,0
32.3,31.0,80.0,-0.97,-0.33,-0.15,0
32.3,31.0,80.0,-0.98,-0.32,-0.13,0
32.3,31.0,80.0,-0.96,-0.3,-0.19,0
32.3,31.0,80.0,-0.98,-0.31,-0.23,0
32.3,31.0,80.0,-0.98,-0.28,-0.23,0
32.3,31.0,80.0,-0.96,-0.25,-0.25,0
32.3,31.0,80.0,-0.98,-0.25,-0.25,0
32.3,31.0,80.0,-0.64,-0.13,-0.85,1
32.3,31.0,80.0,-0.63,-0.15,-0.87,1
32.3,31.0,80.0,-0.62,-0.16,-0.88,1
32.3,31.0,80.0,-0.61,-0.16,-0.88,1
32.3,31.0,80.0,-0.61,-0.16,-0.88,1
32.3,31.0,80.0,-0.6,-0.16,-0.89,1
32.3,31.0,80.0,-0.6,-0.16,-0.89,1
32.3,31.0,80.0,-0.6,-0.16,-0.89,0
32.3,31.0,80.0,-0.58,-0.16,-0.89,1
32.3,31.0,80.0,-0.58,-0.16,-0.89,1
32.3,31.0,80.0,-0.58,-0.16,-0.89,1
32.3,31.0,80.0,-0.59,-0.16,-0.89,1
32.3,31.0,80.0,-0.59,-0.17,-0.89,1
32.3,31.0,80.0,-0.59,-0.16,-0.89,1
32.3,31.0,80.0,-0.9,-0.38,-0.12,0
32.3,31.0,80.0,-0.94,-0.32,-0.25,0
32.3,31.0,80.0,-0.97,-0.31,-0.33,0
32.3,31.0,80.0,-0.96,-0.25,-0.33,0
32.3,31.0,80.0,-0.93,-0.25,-0.39,0
32.3,31.0,80.0,-0.58,-0.28,-0.91,1
32.3,31.0,80.0,-0.99,-0.11,-0.36,0
32.3,31.0,80.0,-0.95,-0.11,-0.47,0
32.3,31.0,80.0,-0.91,-0.09,-0.56,1
32.3,31.0,80.0,-0.89,-0.07,-0.59,1
32.3,31.0,80.0,-0.89,-0.07,-0.62,1
32.3,31.0,80.0,-0.87,-0.05,-0.64,1
32.3,31.0,80.0,-0.85,-0.04,-0.66,1
32.3,31.0,80.0,-1.03,-0.15,-0.36,0
32.3,31.0,80.0,-0.99,0.0,-0.27,1
32.3,31.0,80.0,-1.02,-0.02,-0.2,1
32.3,31.0,80.0,-0.8,0.08,-0.27,1
32.3,31.0,80.0,-0.97,0.02,-0.32,1
32.3,31.0,80.0,-1.0,-0.05,-0.01,1
32.3,31.0,80.0,-0.43,-0.07,-1.0,1
32.3,31.0,80.0,-0.42,-0.07,-1.0,1
32.3,31.0,80.0,-0.42,-0.07,-1.0,1
32.3,31.0,80.0,-0.42,-0.07,-1.0,1
32.3,31.0,80.0,-0.41,-0.07,-1.0,1
32.3,31.0,80.0,-0.41,-0.08,-1.0,1
32.3,31.0,80.0,-0.41,-0.07,-1.01,1
32.3,31.0,80.0,-0.42,-0.07,-1.0,1
32.3,31.0,80.0,-0.42,-0.07,-0.99,1
32.3,31.0,80.0,-0.41,-0.08,-1.01,1
32.3,31.0,80.0,-0.41,-0.08,-1.01,1
32.3,31.0,80.0,-0.42,-0.08,-1.0,1
32.3,31.0,80.0,-0.42,-0.08,-1.0,1
32.3,31.0,80.0,-0.41,-0.08,-1.0,1
32.3,31.0,80.0,-0.41,-0.07,-1.0,1
32.3,31.0,80.0,-0.41,-0.08,-1.0,1
32.3,31.0,80.0,-0.42,-0.08,-1.0,1
32.3,31.0,80.0,-0.42,-0.07,-1.0,1
32.3,31.0,80.0,-0.42,-0.07,-1.0,1
32.3,31.0,80.0,-0.42,-0.08,-1.0,1
32.3,31.0,80.0,-0.41,-0.08,-1.0,1
32.3,31.0,80.0,-0.42,-0.07,-1.0,1
32.3,31.0,80.0,-0.41,-0.07,-1.0,1
32.3,31.0,80.0,-0.41,-0.08,-1.0,1
32.3,31.0,80.0,-0.41,-0.08,-1.0,1
32.3,31.0,80.0,-0.41,-0.08,-1.0,1
32.3,31.0,80.0,-0.42,-0.07,-1.0,1
32.3,31.0,80.0,-0.41,-0.08,-1.0,1
32.3,31.0,80.0,-0.41,-0.08,-1.0,1
32.3,31.0,80.0,-0.42,-0.08,-1.0,1
32.3,31.0,80.0,-0.43,-0.07,-1.0,1
32.3,31.0,80.0,-0.44,-0.07,-1.0,1
32.3,31.0,80.0,-0.43,-0.07,-1.0,1
32.3,31.0,80.0,-0.43,-0.07,-1.0,1
32.3,31.0,80.0,-0.42,-0.07,-1.0,1
32.3,31.0,80.0,-0.43,-0.07,-0.99,1
32.3,31.0,80.0,-0.18,-0.14,-1.06,1
32.3,31.0,80.0,-0.15,-0.04,-1.08,1
32.3,31.0,80.0,-0.15,-0.05,-1.08,1
32.3,31.0,80.0,-0.14,-0.04,-1.08,1
32.3,31.0,80.0,-0.14,-0.04,-1.08,1
32.3,31.0,80.0,-0.14,-0.05,-1.07,1
32.3,31.0,80.0,-0.14,-0.04,-1.07,1
32.3,31.0,80.0,-0.14,-0.04,-1.08,1
32.3,31.0,80.0,-0.14,-0.05,-1.08,1
32.3,31.0,80.0,-0.14,-0.04,-1.07,1
32.3,31.0,80.0,-0.14,-0.04,-1.08,1
32.3,31.0,80.0,-0.14,-0.04,-1.07,1
32.3,31.0,80.0,-0.13,-0.04,-1.08,1
32.3,31.0,80.0,-0.14,-0.04,-1.08,1
32.3,31.0,80.0,-0.14,-0.04,-1.08,1
32.3,31.0,80.0,-0.17,-0.01,-1.06,1
32.3,31.0,80.0,-0.3,-0.13,-1.09,1
,31.0,80.0,-0.22,-0.09,-1.06,1
,31.0,80.0,-0.22,-0.09,-1.06,1
,31.0,80.0,-0.22,-0.09,-1.05,1
,31.0,80.0,-0.22,-0.09,-1.06,1
,31.0,80.0,-0.22,-0.09,-1.06,1
32.3,31.0,80.0,-0.31,0.0,-1.03,1
,31.0,80.0,-0.37,-0.06,-1.02,1
,31.0,80.0,-0.37,-0.06,-1.01,1
,31.0,80.0,-0.37,-0.07,-1.02,1
,31.0,80.0,-0.37,-0.06,-1.01,1
32.3,31.0,80.0,-0.32,-0.07,-1.03,1
32.3,31.0,80.0,-0.32,-0.07,-1.03,1
32.3,31.0,80.0,-0.32,-0.07,-1.04,1
32.3,31.0,80.0,-0.32,-0.07,-1.04,1
32.3,31.0,80.0,-0.32,-0.07,-1.03,1
32.3,31.0,80.0,-0.32,-0.07,-1.03,1
32.3,31.0,80.0,-0.32,-0.07,-1.04,1
32.3,31.0,80.0,-0.32,-0.07,-1.04,1
32.3,31.0,80.0,-0.32,-0.07,-1.03,1
32.3,31.0,80.0,-0.32,-0.07,-1.04,1
32.3,31.0,80.0,-0.32,-0.07,-1.03,1
32.3,31.0,80.0,-0.32,-0.07,-1.03,1
32.3,31.0,80.0,-1.0,-0.11,-0.39,0
32.3,31.0,80.0,-0.98,-0.21,-0.21,0
32.3,31.0,80.0,-0.97,-0.09,-0.52,1
32.3,31.0,80.0,-0.99,-0.19,-0.3,0
32.3,31.0,80.0,-0.98,-0.21,-0.27,0
32.3,31.0,80.0,-0.96,-0.19,-0.32,0
32.3,31.0,80.0,-0.99,-0.2,-0.32,0
32.3,31.0,80.0,-0.97,-0.2,-0.29,0
32.3,31.0,80.0,-0.99,-0.23,-0.29,0
32.3,31.0,80.0,-0.98,-0.23,-0.26,0
32.3,31.0,80.0,-0.99,-0.24,-0.25,0
32.3,31.0,80.0,-0.57,-0.14,-0.94,1
32.3,31.0,80.0,-0.54,-0.15,-0.92,1
32.3,31.0,80.0,-0.52,-0.15,-0.93,1
32.3,31.0,80.0,-0.53,-0.15,-0.94,1
32.3,31.0,80.0,-0.53,-0.16,-0.92,1
32.3,31.0,80.0,-0.53,-0.17,-0.93,1
32.3,31.0,80.0,-0.53,-0.17,-0.93,1
32.3,31.0,80.0,-0.53,-0.16,-0.93,0
32.3,31.0,80.0,-0.52,-0.17,-0.94,1
32.3,31.0,80.0,-0.52,-0.17,-0.94,1
32.3,31.0,80.0,-0.52,-0.17,-0.94,1
32.3,31.0,80.0,-0.52,-0.17,-0.94,1
32.3,31.0,80.0,-0.53,-0.17,-0.93,1
32.3,31.0,80.0,-0.52,-0.18,-0.94,1
32.3,31.0,80.0,-0.53,-0.17,-0.94,1
32.3,31.0,80.0,-0.52,-0.17,-0.94,1
32.3,31.0,80.0,-0.52,-0.17,-0.94,1
32.3,31.0,80.0,-0.53,-0.17,-0.94,1
32.4,31.0,80.0,-0.53,-0.17,-0.94,1
32.5,31.0,80.0,-0.53,-0.17,-0.93,1
32.5,31.0,80.0,-0.52,-0.17,-0.94,1
32.6,31.0,80.0,-0.64,-0.06,-0.92,1
32.6,31.0,80.0,-0.94,0.39,-0.05,0
32.7,31.0,80.0,-0.9,0.44,-0.17,0
32.8,31.0,80.0,-0.9,0.47,-0.21,0
32.8,31.0,80.0,-0.91,0.48,-0.25,0
32.8,31.0,80.0,-0.87,0.48,-0.26,0
32.8,31.0,80.0,-0.87,0.5,-0.28,0
32.8,31.0,80.0,-0.87,0.5,-0.27,0
32.8,31.0,80.0,-0.83,0.51,-0.28,0
32.8,31.0,80.0,-0.83,0.51,-0.36,0
32.8,31.0,80.0,-0.67,0.12,-0.83,1
32.8,31.0,80.0,-0.86,-0.62,-0.33,0
32.8,31.0,80.0,-0.36,-0.94,-0.08,1
32.8,31.0,80.0,-0.45,-0.88,-0.27,1
32.8,31.0,80.0,-0.49,-0.85,-0.35,1
32.8,31.0,80.0,-0.5,-0.82,-0.37,1
32.8,31.0,80.0,-0.55,-0.77,-0.41,1
32.8,31.0,80.0,-0.53,-0.3,-0.9,1
32.8,31.0,80.0,-0.36,-0.74,-0.48,1
32.8,31.0,80.0,-0.58,-0.65,-0.56,1
32.8,31.0,80.0,-0.6,-0.68,-0.53,1
32.8,31.0,80.0,-0.59,-0.69,-0.55,1
32.8,31.0,80.0,-0.58,-0.69,-0.55,1
32.8,31.0,80.0,-0.47,-0.88,-0.2,1
32.8,31.0,80.0,-0.48,-0.88,-0.21,1
32.8,31.0,80.0,-0.5,-0.85,-0.25,1
32.8,31.0,80.0,-0.5,-0.28,-0.93,1
32.8,31.0,80.0,-0.79,-0.5,0.02,0
32.8,31.0,80.0,-0.85,-0.56,-0.0,0
32.8,31.0,80.0,-0.82,-0.54,-0.04,0
32.8,31.0,80.0,-0.83,-0.57,-0.05,0
32.8,31.0,80.0,-0.83,-0.55,-0.09,0
32.8,31.0,80.0,-0.5,-0.09,-0.94,1
32.8,31.0,80.0,-0.47,0.02,-0.98,1
32.8,31.0,80.0,-0.46,0.05,-0.99,1
32.8,31.0,80.0,-0.46,0.07,-0.98,1
32.8,31.0,80.0,-0.45,0.08,-0.99,1
32.8,31.0,80.0,-0.44,0.08,-0.99,1
32.8,31.0,80.0,-0.45,0.09,-0.99,1
32.8,31.0,80.0,-0.44,0.09,-0.99,1
32.8,31.0,80.0,-0.44,0.1,-0.99,1
32.8,31.0,80.0,-0.44,0.11,-0.99,1
32.8,31.0,80.0,-0.44,0.11,-0.99,1
32.8,31.0,80.0,-0.44,0.11,-0.99,1
32.8,31.0,80.0,-0.43,0.11,-0.99,1
32.8,31.0,80.0,-0.43,0.11,-0.99,1
32.8,31.0,80.0,-0.43,0.11,-0.99,1
32.8,31.0,80.0,-0.43,0.12,-0.99,1
32.8,31.0,80.0,-0.43,0.12,-0.99,1
32.8,31.0,80.0,-0.43,0.12,-0.99,1
32.8,31.0,80.0,-0.43,0.12,-0.99,1
32.8,31.0,80.0,-0.43,0.12,-0.99,1
32.8,31.0,80.0,-0.43,0.13,-0.99,1
32.8,31.0,80.0,-0.43,0.12,-0.99,1
32.8,31.0,80.0,-0.43,0.12,-0.99,1
32.8,31.0,80.0,-0.43,0.14,-0.99,1
32.8,31.0,80.0,-0.43,0.12,-0.99,1
32.8,31.0,80.0,-0.43,0.13,-0.99,1
32.8,31.0,80.0,-0.43,0.14,-0.99,1
32.8,31.0,80.0,-0.43,0.14,-0.99,1
32.8,31.0,80.0,-0.43,0.14,-0.99,1
32.8,31.0,80.0,-0.43,0.13,-0.99,1
32.8,31.0,80.0,-0.42,0.13,-1.0,1
32.8,31.0,80.0,-0.43,0.14,-0.99,1
32.8,31.0,80.0,-0.43,0.13,-0.99,1
32.8,31.0,80.0,-0.43,0.14,-0.99,1
32.8,31.0,80.0,-0.42,0.13,-0.99,1
32.8,31.0,80.0,-0.42,0.13,-0.99,1
32.8,31.0,80.0,-0.42,0.14,-0.99,1
32.8,31.0,80.0,-0.42,0.14,-0.99,1
32.8,31.0,80.0,-0.42,0.14,-0.99,1
32.8,31.0,80.0,-0.42,0.14,-0.99,1
32.8,31.0,80.0,-0.42,0.14,-0.99,1
32.8,31.0,80.0,-0.43,0.14,-0.99,1
32.8,31.0,80.0,-0.42,0.14,-0.99,1
32.8,31.0,80.0,-0.43,0.14,-0.99,1
32.8,31.0,80.0,-0.42,0.14,-0.99,1
32.8,31.0,80.0,-0.42,0.14,-0.99,1
32.8,31.0,80.0,-0.42,0.14,-0.99,1
32.8,31.0,80.0,-0.42,0.14,-0.99,1
32.8,31.0,80.0,-0.42,0.14,-0.99,1
32.8,31.0,80.0,-0.43,0.14,-0.99,1
32.8,31.0,80.0,-0.42,0.14,-0.99,1
32.8,31.0,80.0,-0.42,0.14,-0.99,1
32.8,31.0,80.0,-0.42,0.14,-0.99,1
32.8,31.0,80.0,-0.42,0.14,-0.99,1
32.8,31.0,80.0,-0.4,0.16,-0.99,1
32.8,31.0,80.0,-0.42,0.14,-0.99,1
32.8,31.0,80.0,-0.42,0.14,-0.99,1
32.8,31.0,80.0,-0.43,0.14,-0.99,1
32.8,31.0,80.0,-0.42,0.14,-0.99,1
32.8,31.0,80.0,-0.42,0.14,-0.99,1
32.8,31.0,80.0,-0.42,0.15,-0.99,1
32.8,31.0,80.0,-0.42,0.14,-1.0,1
32.8,31.0,80.0,-0.42,0.14,-0.99,1
32.8,31.0,80.0,-0.42,0.14,-0.99,1
32.8,31.0,80.0,-0.42,0.14,-0.99,1
32.8,31.0,80.0,-0.42,0.14,-0.99,1
32.8,31.0,80.0,-0.42,0.15,-0.99,1
32.8,31.0,80.0,-0.42,0.15,-0.99,1
32.8,31.0,80.0,-0.42,0.14,-0.99,1
32.8,31.0,80.0,-0.42,0.15,-0.99,1
32.8,31.0,80.0,-0.42,0.15,-0.99,1
32.8,31.0,80.0,-0.42,0.14,-0.99,1
32.8,31.0,80.0,-0.43,0.14,-0.99,1
32.8,31.0,80.0,-0.42,0.14,-1.0,1
32.8,31.0,80.0,-0.42,0.14,-0.99,1
32.8,31.0,80.0,-0.42,0.14,-0.99,1
32.8,31.0,80.0,-0.42,0.14,-0.99,1
32.8,31.0,80.0,-0.42,0.14,-0.99,1
32.8,31.0,80.0,-0.42,0.14,-0.99,1
32.8,31.0,80.0,-0.42,0.14,-0.99,1
32.8,31.0,80.0,-0.42,0.14,-0.99,1
32.8,31.0,80.0,-0.41,0.14,-0.99,1
32.8,31.0,80.0,-0.41,0.14,-0.99,1
32.8,31.0,80.0,-0.42,0.14,-0.99,1
32.8,31.0,80.0,-0.41,0.14,-0.99,1
32.8,31.0,80.0,-0.41,0.15,-1.0,1
32.8,31.0,80.0,-0.41,0.14,-0.99,1
32.8,31.0,80.0,-0.41,0.15,-0.99,1
32.8,31.0,80.0,-0.42,0.14,-0.99,1
32.8,31.0,80.0,-0.42,0.15,-0.99,1
32.8,31.0,80.0,-0.42,0.15,-0.99,1
32.8,31.0,80.0,-0.42,0.14,-0.99,1
32.8,31.0,80.0,-0.42,0.15,-0.99,1
32.8,31.0,80.0,-0.42,0.15,-0.99,1
32.8,31.0,80.0,-0.42,0.15,-0.99,1
32.8,31.0,80.0,-0.42,0.15,-0.99,1
32.8,31.0,80.0,-0.41,0.14,-0.99,1
32.8,31.0,80.0,-0.41,0.14,-0.99,1
32.8,31.0,80.0,-0.41,0.15,-1.0,1
32.8,31.0,80.0,-0.41,0.14,-0.99,1
32.8,31.0,80.0,-0.42,0.15,-0.99,1
32.8,31.0,80.0,-0.42,0.15,-0.99,1
32.8,31.0,80.0,-0.41,0.15,-0.99,1
32.8,31.0,80.0,-0.41,0.15,-0.99,1
32.8,31.0,80.0,-0.41,0.15,-0.99,1
32.8,31.0,80.0,-0.42,0.15,-0.99,1
32.8,31.0,80.0,-0.41,0.15,-0.99,1
32.8,31.0,80.0,-0.41,0.15,-0.99,1
32.8,31.0,80.0,-0.42,0.15,-0.99,1
32.8,31.0,80.0,-0.41,0.14,-0.99,1
32.8,31.0,80.0,-0.42,0.15,-0.99,1
32.8,31.0,80.0,-0.41,0.14,-0.99,1
32.8,31.0,80.0,-0.41,0.14,-0.99,1
32.8,31.0,80.0,-0.41,0.15,-0.99,1
32.8,31.0,80.0,-0.42,0.14,-0.99,1
32.8,31.0,80.0,-0.41,0.15,-1.0,1
32.8,31.0,80.0,-0.41,0.15,-0.99,1
32.8,31.0,80.0,-0.41,0.15,-0.99,1
32.8,31.0,80.0,-0.41,0.15,-0.99,1
32.8,31.0,80.0,-0.41,0.15,-1.0,1
32.8,31.0,80.0,-0.41,0.14,-0.99,1
32.8,31.0,80.0,-0.41,0.15,-0.99,1
32.8,31.0,80.0,-0.41,0.15,-0.99,1
32.8,31.0,80.0,-0.41,0.15,-0.99,1
32.8,31.0,80.0,-0.41,0.15,-0.99,1
32.8,31.0,80.0,-0.41,0.15,-0.99,1
32.8,31.0,80.0,-0.41,0.16,-0.98,1
32.8,31.0,80.0,-0.42,0.15,-0.99,1
32.8,31.0,80.0,-0.42,0.15,-1.0,1
32.8,31.0,80.0,-0.41,0.15,-0.99,1
32.8,31.0,80.0,-0.42,0.16,-0.99,1
32.8,31.0,80.0,-0.41,0.15,-0.99,1
32.8,31.0,80.0,-0.41,0.14,-0.98,1
32.8,31.0,80.0,-0.41,0.15,-1.0,1
32.8,31.0,80.0,-0.42,0.15,-0.99,1
32.8,31.0,80.0,-0.41,0.15,-0.99,1
32.8,31.0,80.0,-0.41,0.15,-1.0,1
32.8,31.0,80.0,-0.41,0.15,-0.99,1
32.8,31.0,80.0,-0.42,0.15,-0.99,1
32.8,31.0,80.0,-0.41,0.14,-0.99,1
32.8,31.0,80.0,-0.41,0.15,-0.99,1
32.8,31.0,80.0,-0.42,0.15,-0.99,1
32.8,31.0,80.0,-0.41,0.15,-1.0,1
32.8,31.0,80.0,-0.41,0.15,-0.99,1
32.8,31.0,80.0,-0.42,0.15,-0.99,1
32.8,31.0,80.0,-0.41,0.16,-0.99,1
32.8,31.0,80.0,-0.41,0.15,-0.99,1
32.8,31.0,80.0,-0.41,0.15,-0.99,1
32.8,31.0,80.0,-0.41,0.15,-1.0,1
32.8,31.0,80.0,-0.41,0.15,-1.0,1
32.8,31.0,80.0,-0.41,0.15,-0.99,1
32.8,31.0,80.0,-0.42,0.15,-0.99,1
32.8,31.0,80.0,-0.41,0.15,-0.99,1
32.8,31.0,80.0,-0.41,0.14,-0.99,1
32.8,31.0,80.0,-0.41,0.15,-0.99,1
32.8,31.0,80.0,-0.41,0.15,-1.0,1
32.8,31.0,80.0,-0.41,0.15,-0.99,1
32.8,31.0,80.0,-0.41,0.15,-0.99,1
32.8,31.0,80.0,-0.41,0.15,-0.99,1
32.8,31.0,80.0,-0.41,0.15,-0.99,1
32.8,31.0,80.0,-0.41,0.15,-0.99,1
32.8,31.0,80.0,-0.41,0.16,-0.99,1
32.8,31.0,80.0,-0.42,0.16,-0.99,1
32.8,31.0,80.0,-0.42,0.16,-0.99,1
32.8,31.0,80.0,-0.41,0.15,-0.99,1
32.8,31.0,80.0,-0.41,0.15,-0.99,0
28.0,31.0,80.0,-0.23,-0.08,-1.06,1
28.0,32.0,80.0,-0.24,-0.08,-1.06,1
28.0,30.0,80.0,-0.23,-0.08,-1.06,1
28.0,31.0,80.0,-0.5,-0.38,-0.81,0
28.0,32.0,80.0,-0.25,-0.09,-1.05,1
28.0,30.0,80.0,-0.53,-0.78,-0.68,0
28.0,31.0,80.0,-0.42,-0.67,-0.74,0
28.0,32.0,80.0,-0.32,-0.55,-0.76,0
28.0,30.0,80.0,-0.23,-0.09,-1.06,1
28.0,31.0,80.0,-0.22,-0.09,-1.06,1
28.0,32.0,80.0,-0.23,-0.09,-1.06,1
28.0,30.0,80.0,-0.22,-0.09,-1.06,1
28.0,31.0,80.0,-0.22,-0.09,-1.06,1
28.0,32.0,80.0,-0.22,-0.09,-1.06,1
28.0,31.0,80.0,-0.23,-0.09,-1.05,1
28.0,31.0,80.0,-0.21,-0.09,-1.06,1
28.0,31.0,80.0,-0.22,-0.09,-1.06,1
28.0,31.0,80.0,-0.22,-0.09,-1.06,1
28.0,31.0,80.0,-0.21,-0.09,-1.06,1
28.0,31.0,80.0,-0.22,-0.09,-1.06,1
28.0,31.0,80.0,-0.22,-0.09,-1.06,1
28.0,31.0,80.0,-0.22,-0.1,-1.06,0
28.0,31.0,80.0,-0.22,-0.09,-1.06,1
28.0,30.0,80.0,-0.22,-0.09,-1.06,1
28.0,31.0,80.0,-0.21,-0.09,-1.06,1
28.0,31.0,80.0,-0.22,-0.09,-1.06,1
28.0,31.0,80.0,-0.22,-0.09,-1.06,1
28.0,31.0,80.0,-0.22,-0.09,-1.05,1
28.0,31.0,80.0,-0.22,-0.09,-1.06,1
28.0,30.0,80.0,-0.22,-0.09,-1.06,1
28.0,31.0,80.0,-0.22,-0.09,-1.06,1
28.0,31.0,80.0,-0.22,-0.09,-1.06,1
28.0,31.0,80.0,-0.22,-0.09,-1.06,1
28.0,31.0,80.0,-0.21,-0.09,-1.06,1
28.0,31.0,80.0,-0.21,-0.09,-1.06,1
28.0,31.0,80.0,-0.22,-0.09,-1.06,1
28.0,31.0,80.0,-0.22,-0.09,-1.06,1
28.0,31.0,80.0,-0.23,-0.09,-1.06,1
28.0,31.0,80.0,-0.22,-0.09,-1.06,1
28.0,31.0,80.0,-0.22,-0.09,-1.06,1
28.0,31.0,80.0,-0.22,-0.09,-1.06,1
28.0,31.0,80.0,-0.22,-0.09,-1.06,1
28.0,31.0,80.0,-0.22,-0.09,-1.06,1
28.0,31.0,80.0,-0.22,-0.09,-1.06,1
28.0,31.0,80.0,-0.22,-0.09,-1.05,1
28.0,31.0,80.0,-0.22,-0.09,-1.06,1
28.0,31.0,80.0,-0.22,-0.09,-1.06,1
28.0,31.0,80.0,-0.22,-0.09,-1.06,1
28.0,31.0,80.0,-0.22,-0.09,-1.06,1
28.0,31.0,80.0,-0.22,-0.09,-1.06,1
28.0,31.0,80.0,-0.22,-0.09,-1.06,1
28.0,31.0,80.0,-0.22,-0.09,-1.06,1
28.0,31.0,80.0,-0.22,-0.09,-1.06,1
28.0,31.0,80.0,-0.22,-0.09,-1.06,1
28.0,31.0,80.0,-0.22,-0.09,-1.06,1
28.0,31.0,80.0,-0.22,-0.09,-1.06,1
28.0,31.0,80.0,-0.22,-0.09,-1.06,1
28.0,31.0,80.0,-0.22,-0.09,-1.06,1
28.0,31.0,80.0,-0.22,-0.09,-1.06,1
28.0,31.0,80.0,-0.22,-0.09,-1.06,1
28.0,31.0,80.0,-0.22,-0.09,-1.06,1
28.0,31.0,80.0,-0.22,-0.09,-1.06,1
28.0,31.0,80.0,-0.22,-0.09,-1.06,1
28.0,30.0,80.0,-0.22,-0.09,-1.06,1
28.0,31.0,80.0,-0.22,-0.08,-1.07,1
28.0,31.0,80.0,-0.22,-0.09,-1.06,1
28.0,30.0,80.0,-0.23,-0.09,-1.06,1
28.0,31.0,80.0,-0.22,-0.09,-1.06,1
28.0,32.0,80.0,-0.22,-0.09,-1.06,1
28.0,31.0,80.0,-0.22,-0.09,-1.06,1
28.0,31.0,80.0,-0.22,-0.09,-1.06,1
28.0,31.0,80.0,-0.22,-0.09,-1.06,1
28.0,31.0,80.0,-0.22,-0.09,-1.06,1
28.0,31.0,80.0,-0.23,-0.09,-1.06,1
28.0,31.0,80.0,-0.23,-0.09,-1.06,1
28.0,31.0,80.0,-0.23,-0.09,-1.06,1
28.0,31.0,80.0,-0.23,-0.09,-1.06,1
28.0,31.0,80.0,-0.23,-0.09,-1.06,1
28.0,31.0,80.0,-0.23,-0.09,-1.06,1
28.0,31.0,80.0,-0.23,-0.09,-1.06,1
28.0,30.0,80.0,-0.23,-0.09,-1.05,1
28.0,31.0,80.0,-0.23,-0.09,-1.06,1
28.0,32.0,80.0,-0.23,-0.09,-1.06,1
28.0,30.0,80.0,-0.23,-0.09,-1.06,1
28.0,31.0,80.0,-0.23,-0.09,-1.06,1
28.0,31.0,80.0,-0.23,-0.09,-1.06,1
28.0,31.0,80.0,-0.23,-0.09,-1.06,1
28.0,31.0,80.0,-0.23,-0.09,-1.06,1
28.0,31.0,80.0,-0.23,-0.09,-1.05,1
28.0,31.0,80.0,-0.23,-0.09,-1.05,1
28.0,31.0,80.0,-0.23,-0.09,-1.06,1
28.0,31.0,80.0,-0.23,-0.09,-1.06,1
28.0,31.0,80.0,-0.23,-0.09,-1.06,1
28.0,31.0,80.0,-0.22,-0.09,-1.06,1
28.0,31.0,80.0,-0.23,-0.09,-1.06,1
28.0,31.0,80.0,-0.23,-0.09,-1.06,1
28.0,31.0,80.0,-0.23,-0.09,-1.06,1
28.0,31.0,80.0,-0.23,-0.09,-1.06,1
28.0,31.0,80.0,-0.23,-0.09,-1.06,1
28.0,31.0,80.0,-0.23,-0.09,-1.06,1
28.0,30.0,80.0,-0.23,-0.09,-1.06,1
28.0,31.0,80.0,-0.23,-0.09,-1.06,1
28.0,32.0,80.0,-0.23,-0.09,-1.06,1
28.0,30.0,80.0,-0.23,-0.09,-1.06,1
28.0,31.0,80.0,-0.23,-0.09,-1.05,1
28.0,32.0,80.0,-0.23,-0.09,-1.06,1
28.0,30.0,80.0,-0.23,-0.09,-1.06,1
28.0,31.0,80.0,-0.23,-0.09,-1.06,1
28.0,31.0,80.0,-0.23,-0.09,-1.06,1
28.0,31.0,80.0,-0.23,-0.09,-1.06,1
28.0,31.0,80.0,-0.23,-0.08,-1.06,1
28.0,31.0,80.0,-0.23,-0.09,-1.06,1
28.0,31.0,80.0,-0.23,-0.09,-1.06,1
28.0,31.0,80.0,-0.23,-0.08,-1.06,1
28.0,31.0,80.0,-0.23,-0.09,-1.06,1
28.0,31.0,80.0,-0.23,-0.09,-1.06,1
28.0,31.0,80.0,-0.23,-0.09,-1.06,1
28.0,31.0,80.0,-0.23,-0.09,-1.05,1
28.0,31.0,80.0,-0.23,-0.09,-1.06,1
28.0,31.0,80.0,-0.23,-0.09,-1.06,1
28.0,30.0,80.0,-0.23,-0.09,-1.06,1
28.0,31.0,80.0,-0.23,-0.09,-1.06,1
28.0,32.0,80.0,-0.23,-0.09,-1.06,1
28.0,30.0,80.0,-0.23,-0.09,-1.06,1
28.0,31.0,80.0,-0.23,-0.08,-1.06,1
28.0,32.0,80.0,-0.23,-0.09,-1.06,1
28.0,30.0,80.0,-0.23,-0.09,-1.06,1
28.0,31.0,80.0,-0.23,-0.09,-1.05,1
28.0,31.0,80.0,-0.23,-0.09,-1.06,1
28.0,30.0,80.0,-0.23,-0.09,-1.06,1
28.0,31.0,80.0,-0.23,-0.09,-1.06,1
28.0,31.0,80.0,-0.23,-0.09,-1.06,1
28.0,31.0,80.0,-0.23,-0.09,-1.06,1
28.0,31.0,80.0,-0.23,-0.09,-1.06,1
28.0,31.0,80.0,-0.22,-0.09,-1.06,1
28.0,30.0,80.0,-0.23,-0.09,-1.06,1
28.0,31.0,80.0,-0.23,-0.09,-1.06,1
28.0,31.0,80.0,-0.23,-0.09,-1.06,1
28.0,31.0,80.0,-0.23,-0.09,-1.06,1
28.0,31.0,80.0,-0.23,-0.09,-1.06,1
28.0,31.0,80.0,-0.23,-0.09,-1.07,1
28.0,31.0,80.0,-0.23,-0.09,-1.06,1
28.0,31.0,80.0,-0.23,-0.09,-1.06,1
28.0,31.0,80.0,-0.21,-0.09,-1.06,1
28.0,31.0,80.0,-0.22,-0.09,-1.06,1
28.0,31.0,80.0,-0.22,-0.09,-1.06,1
28.0,30.0,80.0,-0.22,-0.09,-1.06,1
28.0,31.0,80.0,-0.22,-0.09,-1.06,1
28.2,31.0,80.0,-0.21,-0.09,-1.07,1
28.5,30.0,80.0,-0.22,-0.09,-1.06,1
28.5,31.0,80.0,-0.22,-0.09,-1.06,1
28.5,32.0,80.0,-0.21,-0.09,-1.06,1
28.5,30.0,80.0,-0.22,-0.09,-1.06,1
28.5,31.0,80.0,-0.21,-0.09,-1.06,1
28.5,31.0,80.0,-0.21,-0.09,-1.06,1
28.5,31.0,80.0,-0.21,-0.09,-1.06,1
28.5,31.0,80.0,-0.21,-0.09,-1.06,1
28.5,31.0,80.0,-0.21,-0.09,-1.06,1
28.5,31.0,80.0,-0.22,-0.09,-1.06,1
28.5,31.0,80.0,-0.22,-0.09,-1.06,1
28.5,31.0,80.0,-0.22,-0.09,-1.07,1
28.5,31.0,80.0,-0.22,-0.09,-1.06,1
28.5,31.0,80.0,-0.22,-0.09,-1.06,1
28.5,30.0,80.0,-0.21,-0.09,-1.06,1
28.5,31.0,80.0,-0.22,-0.09,-1.06,1
28.5,32.0,80.0,-0.22,-0.09,-1.06,1
28.5,30.0,80.0,-0.21,-0.09,-1.05,1
28.5,31.0,80.0,-0.21,-0.09,-1.06,1
28.5,32.0,80.0,-0.21,-0.09,-1.06,1
28.5,31.0,80.0,-0.21,-0.09,-1.06,1
28.5,31.0,80.0,-0.22,-0.09,-1.06,1
28.5,31.0,80.0,-0.21,-0.09,-1.06,1
28.5,31.0,80.0,-0.21,-0.09,-1.06,1
28.5,31.0,80.0,-0.21,-0.09,-1.06,1
28.5,31.0,80.0,-0.21,-0.09,-1.06,1
28.5,31.0,80.0,-0.22,-0.09,-1.06,1
28.5,31.0,80.0,-0.21,-0.1,-1.06,0
28.5,31.0,80.0,-0.21,-0.09,-1.06,1
28.5,31.0,80.0,-0.22,-0.09,-1.06,1
28.5,31.0,80.0,-0.22,-0.09,-1.06,1
28.5,30.0,80.0,-0.22,-0.09,-1.06,1
28.5,31.0,80.0,-0.21,-0.09,-1.06,1
28.5,32.0,80.0,-0.22,-0.09,-1.06,1
28.5,30.0,80.0,-0.21,-0.09,-1.06,1
28.5,31.0,80.0,-0.22,-0.09,-1.06,1
28.5,31.0,80.0,-0.22,-0.09,-1.06,1
28.5,31.0,80.0,-0.22,-0.09,-1.06,1
28.5,31.0,80.0,-0.22,-0.09,-1.06,1
28.5,31.0,80.0,-0.21,-0.1,-1.06,0
28.6,31.0,80.0,-0.22,-0.09,-1.06,1
28.9,31.0,80.0,-0.21,-0.09,-1.05,1
28.9,31.0,80.0,-0.21,-0.09,-1.06,1
28.9,31.0,80.0,-0.22,-0.09,-1.06,1
28.9,31.0,80.0,-0.21,-0.09,-1.06,1
28.9,31.0,80.0,-0.21,-0.09,-1.06,1
28.9,31.0,80.0,-0.21,-0.09,-1.07,1
28.9,31.0,80.0,-0.22,-0.09,-1.06,1
28.9,31.0,80.0,-0.22,-0.09,-1.05,1
28.9,31.0,80.0,-0.21,-0.09,-1.06,1
28.9,32.0,80.0,-0.22,-0.09,-1.06,1
28.9,30.0,80.0,-0.22,-0.09,-1.06,1
28.9,31.0,80.0,-0.22,-0.09,-1.06,1
28.9,32.0,80.0,-0.21,-0.09,-1.06,1
28.9,30.0,80.0,-0.22,-0.09,-1.06,1
28.9,31.0,80.0,-0.22,-0.09,-1.06,1
28.9,31.0,80.0,-0.22,-0.09,-1.05,1
28.9,31.0,80.0,-0.22,-0.09,-1.06,1
28.9,31.0,80.0,-0.21,-0.09,-1.06,1
28.9,31.0,80.0,-0.22,-0.09,-1.06,1
28.9,31.0,80.0,-0.21,-0.09,-1.06,1
28.9,31.0,80.0,-0.21,-0.09,-1.06,1
28.9,31.0,80.0,-0.21,-0.09,-1.06,1
28.9,31.0,80.0,-0.21,-0.1,-1.06,0
28.9,31.0,80.0,-0.22,-0.09,-1.06,1
28.9,31.0,80.0,-0.21,-0.09,-1.06,1
28.9,31.0,80.0,-0.21,-0.09,-1.06,1
28.9,31.0,80.0,-0.22,-0.09,-1.06,1
28.9,31.0,80.0,-0.22,-0.09,-1.06,1
28.9,31.0,80.0,-0.21,-0.09,-1.06,1
28.9,31.0,80.0,-0.21,-0.09,-1.06,1
28.9,30.0,80.0,-0.22,-0.09,-1.06,1
28.9,31.0,80.0,-0.22,-0.09,-1.06,1
28.9,31.0,80.0,-0.22,-0.09,-1.06,1
28.9,31.0,80.0,-0.22,-0.09,-1.06,1
28.9,31.0,80.0,-0.21,-0.09,-1.06,1
28.9,31.0,80.0,-0.22,-0.09,-1.06,1
28.9,30.0,80.0,-0.21,-0.09,-1.06,1
28.9,31.0,80.0,-0.22,-0.09,-1.06,1
28.9,32.0,80.0,-0.21,-0.1,-1.07,0
28.9,31.0,80.0,-0.22,-0.09,-1.06,1
28.9,31.0,80.0,-0.21,-0.09,-1.06,1
28.9,31.0,80.0,-0.21,-0.09,-1.05,1
28.9,31.0,80.0,-0.21,-0.09,-1.06,1
28.9,31.0,80.0,-0.22,-0.09,-1.06,1
28.9,31.0,80.0,-0.21,-0.09,-1.06,1
28.9,31.0,80.0,-0.22,-0.09,-1.06,1
28.9,31.0,80.0,-0.22,-0.09,-1.06,1
28.9,31.0,80.0,-0.21,-0.09,-1.06,1
28.9,31.0,80.0,-0.21,-0.09,-1.06,1
28.9,31.0,80.0,-0.22,-0.09,-1.06,1
28.9,31.0,80.0,-0.22,-0.09,-1.06,1
28.9,31.0,80.0,-0.21,-0.09,-1.06,1
28.9,31.0,80.0,-0.21,-0.09,-1.06,1
28.9,31.0,80.0,-0.22,-0.09,-1.06,1
28.9,31.0,80.0,-0.21,-0.1,-1.06,0
28.9,31.0,80.0,-0.21,-0.09,-1.06,1
28.9,30.0,80.0,-0.22,-0.09,-1.06,1
28.9,31.0,80.0,-0.21,-0.09,-1.06,1
28.9,31.0,80.0,-0.22,-0.09,-1.06,1
28.9,31.0,80.0,-0.22,-0.09,-1.06,1
28.9,31.0,80.0,-0.22,-0.09,-1.06,1
28.9,32.0,80.0,-0.22,-0.09,-1.06,1
28.9,31.0,80.0,-0.22,-0.09,-1.06,1
28.9,31.0,80.0,-0.21,-0.09,-1.06,1
28.9,31.0,80.0,-0.22,-0.09,-1.06,1
28.9,31.0,80.0,-0.22,-0.09,-1.06,1
28.9,31.0,80.0,-0.21,-0.09,-1.06,1
28.9,31.0,80.0,-0.21,-0.09,-1.06,1
28.9,31.0,80.0,-0.22,-0.09,-1.05,1
28.9,31.0,80.0,-0.21,-0.09,-1.05,1
28.9,31.0,80.0,-0.21,-0.09,-1.06,1
28.9,31.0,80.0,-0.22,-0.09,-1.06,1
28.9,31.0,80.0,-0.21,-0.1,-1.06,0
28.9,31.0,80.0,-0.21,-0.1,-1.06,0
28.9,31.0,80.0,-0.22,-0.09,-1.06,1
28.9,31.0,80.0,-0.22,-0.09,-1.06,1
28.9,31.0,80.0,-0.22,-0.09,-1.06,1
28.9,31.0,80.0,-0.22,-0.09,-1.06,1
28.9,31.0,80.0,-0.21,-0.09,-1.06,1
28.9,31.0,80.0,-0.21,-0.09,-1.06,1
28.9,31.0,80.0,-0.21,-0.09,-1.06,1
28.9,31.0,80.0,-0.22,-0.09,-1.06,1
28.9,30.0,80.0,-0.21,-0.09,-1.06,1
28.9,31.0,80.0,-0.22,-0.09,-1.06,1
28.9,32.0,80.0,-0.22,-0.09,-1.06,1
28.9,30.0,80.0,-0.22,-0.09,-1.06,1
28.9,31.0,80.0,-0.21,-0.09,-1.06,1
28.9,32.0,80.0,-0.21,-0.09,-1.06,1
29.0,30.0,80.0,-0.22,-0.09,-1.06,1
29.0,31.0,80.0,-0.22,-0.09,-1.05,1
29.2,31.0,80.0,-0.21,-0.09,-1.06,1
29.3,31.0,80.0,-0.22,-0.09,-1.06,1
29.3,31.0,80.0,-0.22,-0.09,-1.05,1
29.3,31.0,80.0,-0.22,-0.09,-1.06,1
29.3,31.0,80.0,-0.22,-0.09,-1.06,1
29.3,31.0,80.0,-0.22,-0.09,-1.06,1
29.3,31.0,80.0,-0.21,-0.09,-1.06,1
29.3,31.0,80.0,-0.21,-0.09,-1.06,1
29.3,31.0,80.0,-0.22,-0.09,-1.06,1
29.3,31.0,80.0,-0.22,-0.09,-1.06,1
29.3,31.0,80.0,-0.21,-0.1,-1.06,0
29.3,32.0,80.0,-0.22,-0.09,-1.06,1
29.3,30.0,80.0,-0.21,-0.09,-1.06,1
29.3,31.0,80.0,-0.22,-0.09,-1.06,1
29.3,31.0,80.0,-0.22,-0.09,-1.05,1
29.3,31.0,80.0,-0.21,-0.09,-1.06,1
29.3,31.0,80.0,-0.21,-0.09,-1.06,1
29.3,31.0,80.0,-0.21,-0.09,-1.06,1
29.3,31.0,80.0,-0.22,-0.09,-1.06,1
29.3,31.0,80.0,-0.22,-0.09,-1.06,1
29.3,31.0,80.0,-0.21,-0.09,-1.06,1
29.3,31.0,80.0,-0.21,-0.1,-1.06,0
29.3,31.0,80.0,-0.21,-0.09,-1.06,1
29.3,30.0,80.0,-0.21,-0.09,-1.06,1
29.3,31.0,80.0,-0.22,-0.09,-1.06,1
29.3,32.0,80.0,-0.21,-0.09,-1.06,1
29.3,31.0,80.0,-0.22,-0.09,-1.06,1
29.3,31.0,80.0,-0.21,-0.09,-1.06,1
29.3,31.0,80.0,-0.22,-0.09,-1.06,1
29.3,31.0,80.0,-0.21,-0.09,-1.06,1
33.8,31.0,80.0,-0.1,-0.41,-0.99,0
33.8,30.0,80.0,-0.1,-0.41,-0.99,0
33.8,31.0,80.0,-0.1,-0.41,-0.99,0
33.7,31.0,80.0,-0.1,-0.41,-0.99,0
33.5,32.0,80.0,-0.1,-0.41,-0.99,0
33.3,31.0,80.0,-0.1,-0.4,-0.99,0
33.3,31.0,80.0,-0.1,-0.41,-0.99,0
33.3,31.0,80.0,-0.1,-0.41,-0.99,0
33.3,30.0,80.0,-0.11,-0.4,-0.99,0
33.3,32.0,80.0,-0.1,-0.41,-0.99,0
33.3,31.0,80.0,-0.1,-0.42,-1.0,0
33.3,31.0,80.0,-0.11,-0.4,-0.98,0
33.3,31.0,80.0,-0.09,-0.41,-0.99,0
33.3,30.0,80.0,-0.1,-0.41,-0.99,0
33.3,32.0,80.0,-0.11,-0.4,-0.99,0
33.3,31.0,80.0,-0.1,-0.41,-0.99,0
33.3,31.0,80.0,-0.09,-0.42,-0.99,0
33.3,31.0,80.0,-0.11,-0.41,-1.0,0
33.3,30.0,80.0,-0.11,-0.41,-0.99,0
33.3,32.0,80.0,-0.11,-0.41,-0.99,0
33.3,31.0,80.0,-0.09,-0.42,-0.99,0
33.3,32.0,80.0,-0.06,-0.48,-1.0,0
33.3,31.0,80.0,-0.07,-0.52,-0.92,0
33.3,30.0,80.0,-0.04,-0.54,-0.92,0
33.3,31.0,80.0,-0.05,-0.53,-0.92,0
33.3,31.0,80.0,-0.05,-0.53,-0.92,0
33.3,31.0,80.0,-0.04,-0.54,-0.92,0
33.3,32.0,80.0,-0.05,-0.54,-0.93,0
33.3,30.0,80.0,-0.04,-0.49,-0.95,0
33.3,32.0,80.0,-0.04,-0.49,-0.96,0
33.3,30.0,80.0,-0.05,-0.49,-0.95,0
33.3,31.0,80.0,-0.05,-0.47,-0.96,0
33.3,30.0,80.0,-0.05,-0.49,-0.98,0
33.3,32.0,80.0,-0.07,-0.44,-0.99,0
33.3,30.0,80.0,-0.05,-0.52,-0.93,0
33.3,32.0,80.0,-0.09,-0.48,-0.96,0
33.3,31.0,80.0,-0.08,-0.48,-0.95,0
33.3,32.0,80.0,-0.09,-0.48,-0.97,0
33.3,31.0,80.0,-0.08,-0.44,-0.96,0
33.3,31.0,80.0,-0.11,-0.41,-0.99,0
33.3,31.0,80.0,-0.11,-0.39,-1.0,0
33.3,30.0,80.0,-0.11,-0.39,-1.0,0
33.3,32.0,80.0,-0.12,-0.37,-1.01,0
33.3,31.0,80.0,-0.11,-0.39,-1.01,0
33.3,31.0,80.0,-0.11,-0.39,-1.0,0
33.3,31.0,80.0,-0.12,-0.38,-1.0,0
33.3,30.0,80.0,-0.12,-0.36,-1.01,0
33.3,31.0,80.0,-0.12,-0.37,-1.01,0
33.3,31.0,80.0,-0.12,-0.36,-1.01,0
33.3,30.0,80.0,-0.13,-0.36,-1.0,0
33.3,32.0,80.0,-0.12,-0.36,-1.01,0
33.3,31.0,80.0,-0.12,-0.36,-1.01,0
33.3,31.0,80.0,-0.12,-0.36,-1.01,0
33.3,31.0,80.0,-0.08,-0.68,-0.87,0
,31.0,80.0,0.06,-0.57,-0.9,0
,31.0,80.0,0.07,-0.56,-0.91,0
,32.0,80.0,0.06,-0.57,-0.9,0
,32.0,80.0,0.06,-0.57,-0.91,0
,32.0,80.0,0.07,-0.66,-0.79,0
,31.0,80.0,0.07,-0.83,-0.65,0
,31.0,80.0,0.11,-0.84,-0.66,0
,31.0,80.0,0.41,-0.58,-0.78,0
,30.0,80.0,0.46,-0.57,-0.76,0
,30.0,80.0,0.48,-0.57,-0.74,0
,30.0,80.0,0.5,-0.55,-0.74,0
,31.0,80.0,0.5,-0.56,-0.73,0
,31.0,80.0,0.5,-0.55,-0.72,0
,31.0,80.0,0.5,-0.55,-0.73,0
,32.0,80.0,0.51,-0.55,-0.72,0
,31.0,80.0,0.27,-0.45,-0.89,0
,32.0,80.0,0.5,-0.46,-0.8,0
33.3,31.0,80.0,0.52,-0.49,-0.75,0
33.3,30.0,80.0,0.52,-0.49,-0.75,0
33.3,32.0,80.0,0.53,-0.5,-0.76,0
33.3,31.0,80.0,0.53,-0.48,-0.76,0
,31.0,80.0,0.18,-0.47,-0.93,0
33.3,30.0,80.0,0.24,-0.47,-0.92,0
33.3,32.0,80.0,0.23,-0.48,-0.93,0
33.3,31.0,80.0,0.24,-0.48,-0.91,0
33.3,31.0,80.0,0.25,-0.48,-0.93,0
33.3,30.0,80.0,0.25,-0.48,-0.92,0
33.3,32.0,80.0,0.25,-0.48,-0.92,0
33.3,31.0,80.0,0.25,-0.48,-0.93,0
33.3,30.0,80.0,0.25,-0.48,-0.92,0
33.3,32.0,80.0,0.24,-0.47,-0.93,0
33.3,31.0,80.0,0.25,-0.47,-0.92,0
33.3,31.0,80.0,0.25,-0.48,-0.92,0
33.3,30.0,80.0,0.25,-0.48,-0.94,0
33.3,32.0,80.0,0.24,-0.47,-0.93,0
33.3,31.0,80.0,0.25,-0.47,-0.92,0
33.3,30.0,80.0,0.25,-0.47,-0.93,0
33.3,31.0,80.0,0.25,-0.48,-0.93,0
33.3,32.0,80.0,0.25,-0.46,-0.93,0
33.3,31.0,80.0,0.25,-0.46,-0.92,0
33.3,30.0,80.0,0.09,-0.36,-1.0,0
-29.3,30.0,80.0,0.19,-0.45,-0.95,0
33.3,32.0,80.0,0.2,-0.44,-0.94,0
33.3,32.0,80.0,0.19,-0.44,-0.96,0
33.3,31.0,80.0,0.19,-0.45,-0.96,0
33.3,31.0,80.0,0.18,-0.46,-0.97,0
33.3,31.0,80.0,0.19,-0.44,-0.96,0
33.3,31.0,80.0,0.19,-0.44,-0.96,0
33.3,30.0,80.0,0.19,-0.44,-0.96,0
33.3,30.0,80.0,0.18,-0.43,-0.96,0
33.3,30.0,80.0,0.19,-0.43,-0.96,0
33.3,30.0,80.0,0.19,-0.43,-0.97,0
33.3,31.0,80.0,0.13,-0.44,-0.96,0
33.3,32.0,80.0,0.13,-0.44,-0.97,0
33.3,33.0,80.0,0.13,-0.44,-0.97,0
33.3,32.0,80.0,0.13,-0.45,-0.97,0
33.3,32.0,80.0,0.11,-0.47,-0.97,0
33.3,31.0,80.0,0.13,-0.44,-0.98,0
33.3,31.0,80.0,0.13,-0.44,-0.98,0
33.3,31.0,80.0,0.12,-0.46,-0.96,0
33.3,30.0,80.0,0.12,-0.45,-0.96,0
33.3,30.0,80.0,0.13,-0.43,-0.97,0
33.3,31.0,80.0,0.13,-0.44,-0.97,0
33.3,32.0,80.0,0.13,-0.45,-0.97,0
33.3,31.0,80.0,0.12,-0.45,-0.97,0
33.3,31.0,80.0,0.14,-0.45,-0.97,0
33.3,31.0,80.0,0.12,-0.44,-0.97,0
33.3,30.0,80.0,0.12,-0.44,-0.97,0
33.3,30.0,80.0,0.12,-0.44,-0.97,0
33.3,31.0,80.0,0.12,-0.45,-0.97,0
33.3,32.0,80.0,0.12,-0.44,-0.97,0
33.3,32.0,80.0,0.12,-0.45,-0.96,0
33.3,31.0,80.0,0.12,-0.44,-0.97,0
33.3,30.0,80.0,0.13,-0.44,-0.97,0
33.3,31.0,80.0,0.12,-0.45,-0.97,0
33.3,31.0,80.0,0.12,-0.44,-0.97,0
33.3,31.0,80.0,0.12,-0.44,-0.98,0
33.3,31.0,80.0,0.12,-0.44,-0.97,0
33.3,30.0,80.0,0.14,-0.49,-0.93,0
33.3,30.0,80.0,0.15,-0.48,-0.94,0
33.3,30.0,80.0,0.15,-0.48,-0.95,0
33.3,30.0,80.0,0.16,-0.49,-0.94,0
33.3,30.0,80.0,0.14,-0.48,-0.96,0
33.3,30.0,80.0,0.15,-0.49,-0.95,0
33.3,30.0,80.0,0.14,-0.45,-0.95,0
33.3,30.0,80.0,0.15,-0.48,-0.95,0
33.3,30.0,80.0,0.16,-0.47,-0.94,0
33.3,30.0,80.0,0.14,-0.49,-0.95,0
33.3,30.0,80.0,0.15,-0.48,-0.96,0
33.3,30.0,80.0,0.14,-0.5,-0.94,0
33.3,30.0,80.0,0.15,-0.49,-0.94,0
33.3,30.0,80.0,0.14,-0.49,-0.96,0
33.3,30.0,80.0,0.15,-0.47,-0.95,0
33.3,30.0,80.0,0.14,-0.48,-0.96,0
33.3,30.0,80.0,0.15,-0.5,-0.94,0
33.3,30.0,80.0,0.14,-0.48,-0.95,0
33.3,30.0,80.0,0.16,-0.48,-0.94,0
33.3,30.0,80.0,0.16,-0.48,-0.95,0
33.3,30.0,80.0,0.14,-0.5,-0.94,0
33.3,30.0,80.0,0.15,-0.48,-0.95,0
33.3,30.0,80.0,0.15,-0.48,-0.94,0
33.3,30.0,80.0,0.16,-0.48,-0.96,0
33.3,30.0,80.0,0.15,-0.48,-0.94,0
33.3,30.0,80.0,0.14,-0.49,-0.94,0
33.3,31.0,80.0,0.14,-0.5,-0.94,0
33.3,31.0,80.0,0.14,-0.49,-0.94,0
33.3,31.0,80.0,0.16,-0.48,-0.95,0
33.3,31.0,80.0,0.14,-0.48,-0.94,0
33.3,31.0,80.0,0.14,-0.49,-0.94,0
33.3,31.0,80.0,0.14,-0.49,-0.94,0
33.3,31.0,80.0,0.15,-0.48,-0.94,0
33.3,31.0,80.0,0.15,-0.48,-0.95,0
33.3,31.0,80.0,0.14,-0.5,-0.95,0
33.3,31.0,80.0,0.16,-0.5,-0.94,0
33.3,31.0,80.0,0.12,-0.71,-0.75,0
33.3,31.0,80.0,0.28,-0.88,-0.44,0
33.3,31.0,80.0,0.34,-0.81,-0.54,0
,31.0,80.0,0.11,-0.47,-0.97,0
33.3,31.0,80.0,0.09,-0.46,-0.98,0
33.4,32.0,80.0,0.12,-0.45,-0.97,0
33.8,31.0,80.0,0.12,-0.45,-0.98,0
33.8,30.0,80.0,0.11,-0.45,-0.97,0
33.8,31.0,80.0,0.11,-0.44,-0.97,0
33.8,31.0,80.0,0.11,-0.45,-0.98,0
33.8,30.0,80.0,0.11,-0.45,-0.98,0
33.8,31.0,80.0,0.12,-0.44,-0.98,0
33.8,31.0,80.0,0.1,-0.45,-0.98,0
33.8,30.0,80.0,0.1,-0.46,-0.98,0
33.8,31.0,80.0,0.1,-0.46,-0.98,0
33.8,31.0,80.0,0.11,-0.44,-0.98,0
33.8,31.0,80.0,0.1,-0.45,-0.97,0
33.8,31.0,80.0,0.11,-0.44,-0.98,0
33.8,30.0,80.0,0.11,-0.44,-0.98,0
33.8,31.0,80.0,0.01,-0.06,-1.1,0
,31.0,80.0,-0.02,-0.1,-1.06,0
,32.0,80.0,-0.03,-0.09,-1.07,1
,31.0,80.0,-0.01,-0.09,-1.09,1
,30.0,80.0,-0.01,-0.11,-1.07,0
,30.0,80.0,-0.02,-0.11,-1.08,0
,30.0,80.0,-0.02,-0.11,-1.07,0
,31.0,80.0,-0.05,0.09,-1.08,1
,31.0,80.0,0.04,-0.07,-1.08,1
,30.0,80.0,0.15,-0.43,-0.97,0
,30.0,80.0,0.26,-0.41,-0.97,0
,31.0,80.0,0.27,-0.41,-0.95,0
,31.0,80.0,0.27,-0.39,-0.95,0
,31.0,80.0,0.27,-0.39,-0.96,0
,31.0,80.0,0.27,-0.4,-0.96,0
,32.0,80.0,0.27,-0.4,-0.96,0
,31.0,80.0,0.27,-0.39,-0.96,0
,30.0,80.0,0.3,-0.39,-0.95,0
33.8,31.0,80.0,0.32,-0.42,-0.93,0
,31.0,80.0,0.34,-0.41,-0.93,0
,31.0,80.0,0.35,-0.44,-0.91,0
33.8,30.0,80.0,0.35,-0.44,-0.91,0
33.8,31.0,80.0,0.35,-0.44,-0.9,0
34.2,31.0,80.0,0.38,-0.43,-0.89,0
34.2,31.0,80.0,0.4,-0.43,-0.89,0
34.2,31.0,80.0,0.4,-0.43,-0.89,0
,31.0,80.0,0.41,-0.43,-0.88,0
34.2,30.0,80.0,0.4,-0.46,-0.86,0
34.2,31.0,80.0,0.47,-0.44,-0.85,0
34.2,31.0,80.0,0.48,-0.43,-0.83,0
34.2,30.0,80.0,-0.17,-0.29,-0.98,0
,31.0,80.0,-0.47,-0.57,-0.74,0
34.2,31.0,80.0,-0.28,1.35,-0.83,0
34.2,31.0,80.0,-0.41,0.87,-0.59,0
34.2,31.0,80.0,-0.06,0.82,-0.58,0
,31.0,80.0,-0.04,0.4,-0.96,0
,31.0,80.0,-0.07,0.14,-1.01,0
,31.0,80.0,-0.02,0.02,-1.09,1
34.2,31.0,80.0,0.0,0.14,-1.08,0
33.8,31.0,80.0,0.0,0.14,-1.07,0
33.8,31.0,80.0,-0.01,0.15,-1.07,0
33.8,31.0,80.0,0.05,0.14,-1.07,0
33.8,31.0,80.0,0.0,0.24,-1.07,0
33.8,31.0,80.0,0.09,0.16,-1.08,0
33.8,31.0,80.0,-0.13,-1.0,-0.33,0
33.8,31.0,80.0,-0.13,-0.96,0.17,0
,31.0,80.0,-0.07,-0.27,-1.05,0
33.9,31.0,80.0,-0.21,-0.18,-1.05,0
34.2,31.0,80.0,0.04,-0.18,-1.05,0
34.2,31.0,80.0,0.0,-0.24,-1.06,0
34.2,31.0,80.0,-0.01,-0.24,-1.01,0
34.2,31.0,80.0,-0.13,-0.19,-1.08,0
34.2,31.0,80.0,0.04,-0.87,-0.64,0
34.2,31.0,80.0,-0.15,-0.14,-1.02,0
34.2,31.0,80.0,0.09,-0.09,-1.07,1
34.2,31.0,80.0,-0.16,-0.33,-1.0,0
34.2,31.0,80.0,0.14,-0.21,-1.05,0
34.2,31.0,80.0,0.03,-0.3,-1.04,0
34.2,31.0,80.0,0.07,-0.12,-1.05,0
34.2,31.0,80.0,0.43,-0.2,-0.99,0
34.2,31.0,80.0,0.26,-0.23,-1.01,0
34.2,31.0,80.0,0.28,-0.32,-1.02,0
,31.0,80.0,-0.19,-0.73,-0.76,0
,31.0,80.0,-0.24,-0.64,-0.78,0
0.0,31.0,80.0,-0.25,-0.75,-0.74,0
34.2,31.0,80.0,-0.27,-0.66,-0.78,0
34.2,31.0,80.0,-0.25,-0.63,-0.66,0
34.2,31.0,80.0,-0.41,-0.62,-0.77,0
34.7,31.0,80.0,-0.21,-0.21,-1.04,0
34.7,31.0,80.0,-0.01,-0.18,-1.06,0
34.7,31.0,80.0,0.44,-0.66,-0.7,0
34.7,31.0,80.0,0.58,-0.5,-0.58,0
34.7,31.0,80.0,0.27,-0.98,-0.44,0
,31.0,80.0,0.43,-0.09,-0.96,1
,31.0,80.0,0.3,-0.18,-1.05,0
,31.0,80.0,0.25,-0.78,-0.63,0
31.3,31.0,80.0,-0.06,-0.55,-0.92,0
31.3,31.0,80.0,-0.11,-0.51,-0.93,0
31.3,31.0,80.0,-0.05,-0.58,-0.9,0
31.3,31.0,80.0,-0.05,-0.58,-0.92,0
31.3,31.0,80.0,-0.05,-0.58,-0.9,0
31.3,31.0,80.0,-0.05,-0.58,-0.91,0
31.3,31.0,80.0,-0.04,-0.58,-0.9,0
31.3,31.0,80.0,-0.04,-0.58,-0.91,0
31.8,31.0,80.0,-0.05,-0.58,-0.91,0
31.8,31.0,80.0,-0.05,-0.58,-0.91,0
31.8,31.0,80.0,-0.02,-0.6,-0.93,0
31.8,31.0,80.0,-0.04,-0.58,-0.92,0
31.8,31.0,80.0,-0.05,-0.58,-0.91,0
31.8,31.0,80.0,-0.05,-0.58,-0.91,0
31.8,31.0,80.0,-0.05,-0.58,-0.91,0
31.8,31.0,80.0,-0.05,-0.58,-0.91,0
31.8,31.0,80.0,-0.05,-0.58,-0.9,0
31.8,31.0,80.0,-0.04,-0.58,-0.91,0
31.8,31.0,80.0,-0.05,-0.58,-0.91,0
32.0,31.0,80.0,-0.05,-0.58,-0.91,0
32.3,31.0,80.0,-0.05,-0.57,-0.91,1
32.3,31.0,80.0,-0.05,-0.58,-0.91,1
32.3,31.0,80.0,-0.05,-0.58,-0.91,1
32.3,31.0,80.0,-0.04,-0.58,-0.91,1
32.3,31.0,80.0,-0.04,-0.58,-0.91,1
32.3,31.0,80.0,-0.05,-0.58,-0.9,1
32.3,31.0,80.0,-0.05,-0.58,-0.9,1
32.3,31.0,80.0,-0.05,-0.58,-0.9,1
32.3,31.0,80.0,-0.05,-0.58,-0.91,1
32.3,31.0,80.0,-0.04,-0.58,-0.9,1
32.3,31.0,80.0,-0.05,-0.58,-0.9,1
32.3,31.0,80.0,-0.05,-0.58,-0.9,1
32.3,31.0,80.0,-0.05,-0.58,-0.91,1
32.3,31.0,80.0,-0.05,-0.58,-0.91,1
32.3,31.0,80.0,-0.05,-0.58,-0.91,1
32.3,31.0,80.0,-0.04,-0.58,-0.91,1
32.3,31.0,80.0,-0.05,-0.58,-0.91,1
32.3,31.0,80.0,-0.04,-0.58,-0.92,1
32.3,31.0,80.0,-0.05,-0.58,-0.91,1
32.3,31.0,80.0,-0.05,-0.58,-0.91,1
32.3,31.0,80.0,-0.05,-0.57,-0.9,1
32.3,31.0,80.0,-0.04,-0.58,-0.9,1
32.3,31.0,80.0,-0.05,-0.58,-0.91,1
32.3,31.0,80.0,-0.05,-0.58,-0.9,1
32.3,31.0,80.0,-0.05,-0.58,-0.9,1
32.3,31.0,80.0,-0.05,-0.58,-0.91,1
32.3,31.0,80.0,-0.04,-0.58,-0.91,1
32.3,31.0,80.0,-0.04,-0.58,-0.91,1
32.3,31.0,80.0,-0.05,-0.58,-0.91,1
,31.0,80.0,0.04,-0.72,-0.79,0
,31.0,80.0,0.01,-0.75,-0.76,0
,31.0,80.0,-0.07,-0.69,-0.82,0
,31.0,80.0,-0.06,-0.68,-0.83,0
32.3,30.0,80.0,-0.09,-0.64,-0.86,1
32.3,31.0,80.0,-0.06,-0.65,-0.85,1
32.3,31.0,80.0,-0.05,-0.66,-0.85,1
32.3,31.0,80.0,-0.06,-0.66,-0.86,1
32.3,31.0,80.0,-0.05,-0.65,-0.85,1
32.3,31.0,80.0,-0.06,-0.66,-0.85,1
32.3,31.0,80.0,-0.06,-0.66,-0.85,1
32.3,31.0,80.0,-0.05,-0.66,-0.84,1
,31.0,80.0,0.6,0.03,-0.86,1
,31.0,80.0,0.6,0.0,-0.88,1
,31.0,80.0,0.5,-0.03,-0.96,1
,31.0,80.0,0.05,-0.14,-1.08,0
31.8,31.0,80.0,-0.05,-0.47,-0.98,0
,31.0,80.0,-0.03,-0.53,-0.94,0
31.8,31.0,80.0,-0.03,-0.53,-0.94,0
31.8,31.0,80.0,-0.03,-0.53,-0.94,0
31.8,31.0,80.0,-0.04,-0.54,-0.94,0
31.8,31.0,80.0,-0.03,-0.54,-0.94,0
31.8,31.0,80.0,-0.03,-0.54,-0.93,0
31.3,31.0,80.0,-0.02,-0.54,-0.94,0
31.3,31.0,80.0,-0.03,-0.53,-0.93,0
,31.0,80.0,-0.03,-0.53,-0.94,0
31.3,31.0,80.0,-0.05,-0.63,-0.86,0
31.3,31.0,80.0,-0.05,-0.63,-0.87,0
31.3,32.0,80.0,-0.05,-0.63,-0.87,0
31.3,31.0,80.0,-0.06,-0.64,-0.87,0
31.3,30.0,80.0,-0.06,-0.63,-0.86,0
31.3,31.0,80.0,-0.06,-0.64,-0.87,0
31.3,31.0,80.0,-0.05,-0.64,-0.86,0
31.3,31.0,80.0,-0.05,-0.64,-0.87,0
31.3,32.0,80.0,-0.05,-0.63,-0.87,0
31.3,31.0,80.0,-0.05,-0.64,-0.86,0
31.3,30.0,80.0,-0.06,-0.64,-0.85,0
31.3,30.0,80.0,-0.05,-0.64,-0.85,0
31.3,31.0,80.0,-0.05,-0.64,-0.86,0
31.3,31.0,80.0,-0.05,-0.64,-0.86,0
31.3,31.0,80.0,-0.05,-0.65,-0.86,0
31.3,31.0,80.0,-0.05,-0.64,-0.85,0
31.4,31.0,80.0,-0.05,-0.64,-0.85,0
31.8,31.0,80.0,-0.05,-0.64,-0.86,0
31.8,30.0,80.0,-0.05,-0.64,-0.86,0
31.8,30.0,80.0,-0.05,-0.64,-0.86,0
31.8,31.0,80.0,-0.05,-0.64,-0.86,0
31.8,30.0,80.0,-0.05,-0.64,-0.85,0
31.8,31.0,80.0,-0.05,-0.64,-0.86,0
31.8,32.0,80.0,-0.05,-0.64,-0.86,0
31.8,32.0,80.0,-0.05,-0.64,-0.86,0
31.8,31.0,80.0,-0.05,-0.64,-0.86,0
31.8,31.0,80.0,-0.05,-0.64,-0.86,0
31.8,31.0,80.0,-0.05,-0.64,-0.86,0
31.8,30.0,80.0,-0.05,-0.64,-0.86,0
31.8,32.0,80.0,-0.05,-0.64,-0.85,0
31.8,31.0,80.0,-0.05,-0.64,-0.85,0
31.8,31.0,80.0,-0.05,-0.64,-0.85,0
31.8,30.0,80.0,-0.05,-0.64,-0.86,0
31.8,32.0,80.0,-0.05,-0.64,-0.85,0
31.8,32.0,80.0,-0.05,-0.64,-0.85,0
31.8,31.0,80.0,-0.08,-0.52,-0.99,0
,31.0,80.0,0.48,-0.06,-1.22,0
,31.0,80.0,-0.05,-0.07,-1.08,1
31.8,31.0,80.0,-0.03,-0.16,-1.07,0
31.8,32.0,80.0,-0.02,-0.14,-1.1,0
32.3,31.0,80.0,-0.03,-0.18,-1.05,1
32.3,31.0,80.0,-0.01,-0.13,-1.08,1
32.3,32.0,80.0,0.03,-0.16,-1.07,1
32.8,31.0,80.0,0.04,-0.21,-1.06,1
32.8,32.0,80.0,0.04,-0.21,-1.06,1
32.8,31.0,80.0,0.04,-0.21,-1.06,1
32.8,30.0,80.0,0.04,-0.21,-1.06,0
31.8,30.0,80.0,0.04,-0.2,-1.06,0
31.8,31.0,80.0,0.07,-0.37,-1.01,0
31.8,31.0,80.0,0.07,-0.37,-1.0,0
31.8,32.0,80.0,0.08,-0.38,-1.01,0
31.8,30.0,80.0,0.1,-0.38,-1.01,0
31.8,31.0,80.0,0.08,-0.38,-1.0,0
31.8,31.0,80.0,0.07,-0.38,-1.0,0
31.8,33.0,80.0,0.07,-0.38,-1.01,0
31.8,30.0,80.0,0.07,-0.38,-1.01,0
31.8,30.0,80.0,0.07,-0.38,-1.0,0
31.8,31.0,80.0,0.08,-0.39,-1.01,0
31.0,32.0,80.0,0.33,-0.17,-1.01,0
31.3,31.0,80.0,0.19,-0.13,-1.05,0
31.3,31.0,80.0,0.17,-0.17,-1.05,0
31.3,31.0,80.0,0.16,-0.17,-1.05,0
31.3,32.0,80.0,0.16,-0.17,-1.05,0
31.3,31.0,80.0,0.16,-0.17,-1.05,0
31.3,31.0,80.0,0.16,-0.17,-1.05,0
31.3,31.0,80.0,0.16,-0.17,-1.05,0
31.3,31.0,80.0,0.16,-0.17,-1.04,0
31.3,30.0,80.0,0.12,-0.27,-1.03,0
31.3,31.0,80.0,0.12,-0.27,-1.03,0
,30.0,80.0,0.12,-0.28,-1.03,0
,31.0,80.0,0.11,-0.29,-1.03,0
,31.0,80.0,0.11,-0.28,-1.03,0
,31.0,80.0,0.11,-0.28,-1.02,0
,31.0,80.0,0.11,-0.28,-1.03,0
,31.0,80.0,0.11,-0.28,-1.03,0
31.8,30.0,80.0,0.23,-0.22,-1.02,0
31.8,31.0,80.0,0.23,-0.21,-1.03,0
31.8,31.0,80.0,0.24,-0.21,-1.03,0
31.8,31.0,80.0,0.24,-0.21,-1.02,0
31.8,32.0,80.0,0.23,-0.21,-1.03,0
31.8,31.0,80.0,0.24,-0.21,-1.02,0
31.8,31.0,80.0,0.24,-0.21,-1.03,0
31.8,31.0,80.0,0.24,-0.21,-1.02,0
31.8,30.0,80.0,0.24,-0.21,-1.02,0
31.8,31.0,80.0,0.24,-0.2,-1.02,0
31.8,31.0,80.0,0.24,-0.21,-1.02,0
31.8,31.0,80.0,0.24,-0.21,-1.02,0
31.8,31.0,80.0,0.24,-0.2,-1.02,0
31.8,31.0,80.0,0.24,-0.2,-1.03,0
31.8,31.0,80.0,0.24,-0.21,-1.02,0
31.8,31.0,80.0,0.24,-0.2,-1.02,0
31.8,31.0,80.0,0.24,-0.19,-1.03,0
31.8,31.0,80.0,-0.37,-0.41,-0.89,0
31.8,31.0,80.0,-0.31,-0.71,-0.7,0
31.8,31.0,80.0,-0.03,-0.39,-1.0,0
31.8,32.0,80.0,-0.02,-0.4,-1.0,0
31.8,31.0,80.0,-0.11,-0.36,-1.02,0
31.8,32.0,80.0,0.05,-0.37,-0.98,0
31.8,30.0,80.0,0.05,-0.36,-1.0,0
31.8,31.0,80.0,0.05,-0.37,-1.0,0
31.8,31.0,80.0,0.05,-0.37,-1.01,0
31.8,31.0,80.0,0.05,-0.37,-1.01,0
31.8,31.0,80.0,0.05,-0.37,-1.01,0
31.8,31.0,80.0,0.05,-0.37,-1.01,0
31.8,32.0,80.0,0.05,-0.37,-1.01,0
31.8,30.0,80.0,0.05,-0.37,-1.01,0
31.8,31.0,80.0,0.06,-0.37,-1.0,0
31.8,30.0,80.0,0.07,-0.37,-0.99,0
31.8,31.0,80.0,0.06,-0.34,-1.02,0
31.8,31.0,80.0,0.05,-0.35,-1.02,0
31.8,31.0,80.0,0.05,-0.35,-1.01,0
31.8,31.0,80.0,0.06,-0.35,-1.01,0
31.8,31.0,80.0,0.06,-0.35,-1.01,0
31.8,31.0,80.0,0.05,-0.35,-1.01,0
31.8,31.0,80.0,0.05,-0.35,-1.02,0
31.8,31.0,80.0,0.05,-0.35,-1.01,0
31.8,31.0,80.0,0.06,-0.35,-1.01,0
31.8,31.0,80.0,0.05,-0.35,-1.01,0
31.8,31.0,80.0,0.05,-0.35,-1.02,0
31.8,31.0,80.0,0.05,-0.35,-1.01,0
31.8,31.0,80.0,0.05,-0.35,-1.01,0
31.8,31.0,80.0,0.05,-0.35,-1.01,0
31.8,31.0,80.0,0.06,-0.35,-1.02,0
31.8,31.0,80.0,0.05,-0.35,-1.02,0
31.8,31.0,80.0,0.05,-0.34,-1.01,0
31.8,31.0,80.0,0.05,-0.35,-1.01,0
31.8,31.0,80.0,0.05,-0.35,-1.01,0
31.8,31.0,80.0,0.05,-0.35,-1.01,0
31.8,31.0,80.0,0.06,-0.35,-1.02,0
31.8,31.0,80.0,0.06,-0.35,-1.01,0
31.8,31.0,80.0,0.05,-0.35,-1.01,0
31.8,31.0,80.0,0.05,-0.34,-1.02,0
31.8,30.0,80.0,0.05,-0.35,-1.02,0
31.8,31.0,80.0,0.05,-0.35,-1.02,0
31.8,31.0,80.0,0.05,-0.34,-1.02,0
31.8,31.0,80.0,0.05,-0.34,-1.02,0
31.8,31.0,80.0,0.05,-0.34,-1.02,0
31.8,31.0,80.0,0.05,-0.34,-1.01,0
31.8,31.0,80.0,0.05,-0.34,-1.01,0
31.8,31.0,80.0,0.05,-0.34,-1.02,0
31.8,31.0,80.0,0.05,-0.34,-1.01,0
31.8,31.0,80.0,0.05,-0.34,-1.02,0
31.8,31.0,80.0,0.05,-0.34,-1.02,0
31.8,31.0,80.0,0.05,-0.35,-1.01,0
31.8,31.0,80.0,0.05,-0.35,-1.02,0
31.8,31.0,80.0,0.05,-0.35,-1.02,0
31.8,31.0,80.0,0.05,-0.34,-1.01,0
31.8,31.0,80.0,0.05,-0.34,-1.02,0
31.8,31.0,80.0,0.05,-0.34,-1.02,0
31.8,31.0,80.0,0.05,-0.35,-1.01,0
31.8,31.0,80.0,0.05,-0.34,-1.01,0
31.8,31.0,80.0,0.05,-0.34,-1.02,0
31.8,31.0,80.0,0.05,-0.35,-1.01,0
31.8,31.0,80.0,0.05,-0.35,-1.02,0
31.8,31.0,80.0,0.06,-0.34,-1.01,0
31.8,31.0,80.0,0.05,-0.35,-1.01,0
31.8,31.0,80.0,0.06,-0.35,-1.01,0
31.8,31.0,80.0,0.05,-0.34,-1.02,0
31.8,31.0,80.0,0.05,-0.34,-1.01,0
31.8,31.0,80.0,0.05,-0.34,-1.01,0
31.8,31.0,80.0,0.05,-0.35,-1.01,0
31.8,31.0,80.0,0.06,-0.35,-1.01,0
31.8,31.0,80.0,0.06,-0.35,-1.01,0
31.8,33.0,80.0,0.06,-0.35,-1.01,0
31.8,31.0,80.0,0.05,-0.35,-1.01,0
31.8,31.0,80.0,0.05,-0.35,-1.02,0
31.8,31.0,80.0,0.05,-0.34,-1.02,0
31.8,31.0,80.0,0.06,-0.35,-1.01,0
31.8,31.0,80.0,0.05,-0.35,-1.02,0
31.8,31.0,80.0,0.05,-0.35,-1.02,0
31.8,31.0,80.0,0.05,-0.35,-1.01,0
31.8,31.0,80.0,0.06,-0.35,-1.01,0
31.8,31.0,80.0,0.05,-0.34,-1.01,0
31.8,31.0,80.0,0.06,-0.35,-1.02,0
31.8,31.0,80.0,0.06,-0.35,-1.01,0
31.8,31.0,80.0,0.06,-0.35,-1.02,0
31.8,31.0,80.0,0.06,-0.35,-1.01,0
31.8,31.0,80.0,0.06,-0.35,-1.01,0
31.8,31.0,80.0,0.05,-0.35,-1.01,0
31.8,31.0,80.0,0.06,-0.34,-1.01,0
31.8,31.0,80.0,0.06,-0.35,-1.01,0
31.8,31.0,80.0,0.06,-0.35,-1.02,0
31.8,31.0,80.0,0.06,-0.35,-1.01,0
31.8,31.0,80.0,0.06,-0.35,-1.02,0
31.8,31.0,80.0,0.06,-0.35,-1.01,0
31.8,31.0,80.0,0.06,-0.34,-1.01,0
31.8,31.0,80.0,0.06,-0.35,-1.01,0
31.8,31.0,80.0,0.06,-0.35,-1.01,0
31.8,31.0,80.0,0.06,-0.34,-1.01,0
31.8,31.0,80.0,0.06,-0.35,-1.02,0
31.8,32.0,80.0,0.06,-0.35,-1.01,0
31.8,31.0,80.0,0.07,-0.35,-1.01,0
31.8,30.0,80.0,0.06,-0.35,-1.01,0
31.8,31.0,80.0,0.07,-0.35,-1.01,0
31.8,30.0,80.0,0.07,-0.35,-1.03,0
31.8,32.0,80.0,0.06,-0.35,-1.0,0
31.8,31.0,80.0,0.06,-0.35,-1.02,0
31.8,30.0,80.0,0.05,-0.34,-1.02,0
31.8,32.0,80.0,0.05,-0.34,-1.02,0
31.8,31.0,80.0,0.06,-0.34,-1.01,0
31.8,30.0,80.0,0.06,-0.34,-1.02,0
31.8,31.0,80.0,0.05,-0.34,-1.01,0
31.8,31.0,80.0,0.37,-0.87,-0.39,0
31.8,33.0,80.0,-0.03,-0.57,-0.9,0
31.8,31.0,80.0,-0.06,-0.56,-0.91,0
31.8,31.0,80.0,-0.07,-0.49,-0.97,0
31.8,31.0,80.0,-0.06,-0.51,-0.95,0
31.8,31.0,80.0,-0.06,-0.51,-0.94,0
31.8,31.0,80.0,-0.05,-0.51,-0.94,0
31.8,31.0,80.0,-0.06,-0.51,-0.95,0
,30.0,80.0,-0.07,-0.51,-0.94,0
31.8,31.0,80.0,-0.4,-0.92,-0.11,0
31.8,32.0,80.0,-0.19,-0.98,-0.41,0
,31.0,80.0,-0.05,-0.62,-0.87,0
31.8,30.0,80.0,-0.13,-0.61,-0.89,0
31.8,31.0,80.0,-0.05,-0.68,-0.82,0
31.8,31.0,80.0,-0.05,-0.66,-0.84,0
31.8,30.0,80.0,-0.04,-0.65,-0.84,0
32.3,31.0,80.0,-0.05,-0.65,-0.85,1
32.3,31.0,80.0,-0.04,-0.64,-0.85,1
32.3,31.0,80.0,-0.04,-0.65,-0.85,1
,31.0,80.0,-0.06,-0.63,-0.87,0
,31.0,80.0,-0.05,-0.63,-0.85,0
32.3,31.0,80.0,-0.06,-0.63,-0.86,1
32.3,31.0,80.0,-0.05,-0.63,-0.86,1
32.3,31.0,80.0,-0.05,-0.63,-0.86,1
32.3,32.0,80.0,-0.05,-0.63,-0.86,1
32.3,31.0,80.0,-0.05,-0.63,-0.87,1
32.3,31.0,80.0,-0.05,-0.63,-0.86,1
31.8,31.0,80.0,-0.05,-0.63,-0.86,0
,31.0,80.0,-0.05,-0.64,-0.86,0
,31.0,80.0,-0.05,-0.63,-0.86,0
,31.0,80.0,-0.05,-0.63,-0.87,0
,31.0,80.0,-0.05,-0.63,-0.86,0
,31.0,80.0,-0.05,-0.63,-0.86,0
,31.0,80.0,-0.05,-0.62,-0.86,0
,31.0,80.0,-0.06,-0.62,-0.86,0
,30.0,80.0,0.12,-0.63,-0.69,0
31.8,31.0,80.0,-0.04,-0.64,-0.86,0
,31.0,80.0,-0.04,-0.63,-0.87,0
,31.0,80.0,-0.04,-0.62,-0.87,0
,31.0,80.0,-0.04,-0.62,-0.87,0
31.8,31.0,80.0,-0.02,-0.6,-0.87,0
31.8,31.0,80.0,0.04,-0.66,-0.85,0
31.8,30.0,80.0,0.01,-0.66,-0.84,0
32.3,31.0,80.0,-0.01,-0.66,-0.83,1
32.3,30.0,80.0,-0.0,-0.65,-0.85,1
32.8,31.0,80.0,0.0,-0.66,-0.82,1
,31.0,80.0,-0.03,-0.65,-0.85,0
,31.0,80.0,-0.04,-0.64,-0.85,0
,31.0,80.0,-0.04,-0.64,-0.85,0
32.8,31.0,80.0,-0.04,-0.69,-0.79,1
32.3,31.0,80.0,-0.05,-0.65,-0.85,1
32.4,32.0,80.0,-0.06,-0.64,-0.85,1
32.3,30.0,80.0,-0.06,-0.64,-0.85,1
32.3,31.0,80.0,-0.05,-0.65,-0.87,1
32.3,30.0,80.0,-0.05,-0.64,-0.85,1
32.3,31.0,80.0,-0.05,-0.64,-0.85,1
32.3,30.0,80.0,-0.06,-0.64,-0.84,1
32.3,31.0,80.0,-0.05,-0.64,-0.85,1
32.3,30.0,80.0,-0.05,-0.63,-0.86,1
31.8,32.0,80.0,-0.06,-0.63,-0.85,0
31.8,31.0,80.0,-0.05,-0.64,-0.85,0
31.8,32.0,80.0,-0.06,-0.64,-0.85,0
31.8,31.0,80.0,-0.05,-0.64,-0.86,0
31.8,31.0,80.0,-0.05,-0.64,-0.85,0
31.8,31.0,80.0,-0.05,-0.64,-0.85,0
31.8,32.0,80.0,-0.05,-0.65,-0.87,0
31.8,31.0,80.0,-0.05,-0.64,-0.85,0
,31.0,80.0,-0.05,-0.64,-0.86,0
31.8,32.0,80.0,-0.05,-0.63,-0.85,0
,32.0,80.0,-0.05,-0.62,-0.85,0
,31.0,80.0,-0.05,-0.64,-0.86,0
,36.0,80.0,-0.07,-0.63,-0.82,0
,32.0,80.0,-0.05,-0.63,-0.88,0
,32.0,80.0,-0.05,-0.62,-0.86,0
,31.0,80.0,-0.05,-0.63,-0.86,0
,31.0,80.0,-0.05,-0.62,-0.86,0
,31.0,80.0,-0.05,-0.62,-0.86,0
,31.0,80.0,-0.18,-0.54,-0.88,0
,30.0,80.0,-0.09,-0.57,-0.91,0
,31.0,80.0,-0.09,-0.57,-0.9,0
,31.0,80.0,-0.09,-0.57,-0.92,0
,30.0,80.0,-0.09,-0.56,-0.9,0
,31.0,80.0,-0.09,-0.58,-0.92,0
,30.0,80.0,-0.08,-0.56,-0.91,0
,33.0,80.0,-0.08,-0.56,-0.9,0
,32.0,80.0,-0.09,-0.57,-0.9,0
,31.0,80.0,-0.09,-0.57,-0.91,0
,30.0,80.0,-0.09,-0.56,-0.9,0
,32.0,80.0,-0.08,-0.56,-0.91,0
,32.0,80.0,-0.07,-0.62,-0.87,0
,31.0,80.0,-0.04,-0.67,-0.83,0
,31.0,80.0,-0.09,-0.48,-0.96,0
,31.0,80.0,-0.07,-0.5,-0.96,0
,31.0,80.0,-0.07,-0.5,-0.96,0
,31.0,80.0,-0.08,-0.5,-0.94,0
,31.0,80.0,-0.07,-0.51,-0.95,0
,30.0,80.0,-0.05,-0.65,-0.83,0
,31.0,80.0,-0.06,-0.64,-0.85,0
,32.0,80.0,0.05,-0.57,0.19,0
,31.0,80.0,-0.06,-0.72,-0.78,0
,31.0,80.0,-0.05,-0.68,-0.83,0
,32.0,80.0,-0.22,-0.48,0.14,0
,31.0,80.0,-0.05,-0.65,-0.78,0
,31.0,80.0,0.25,-0.86,-0.82,0
-3.0,31.0,80.0,0.42,-0.76,-0.51,0
31.8,31.0,80.0,0.3,-0.83,-0.54,0
31.8,31.0,80.0,0.27,-0.83,-0.55,0
31.9,31.0,80.0,0.28,-0.83,-0.55,0
31.8,31.0,80.0,0.27,-0.83,-0.56,0
31.8,31.0,80.0,0.27,-0.83,-0.55,0
31.8,31.0,80.0,0.26,-0.83,-0.55,0
31.8,31.0,80.0,0.27,-0.83,-0.56,0
31.8,31.0,80.0,0.26,-0.83,-0.56,0
31.8,31.0,80.0,0.27,-0.85,-0.55,0
31.8,31.0,80.0,0.26,-0.84,-0.56,0
31.8,31.0,80.0,0.25,-0.84,-0.55,0
31.8,31.0,80.0,0.26,-0.83,-0.57,0
31.8,31.0,80.0,0.26,-0.83,-0.56,0
31.8,31.0,80.0,0.26,-0.83,-0.55,0
31.8,31.0,80.0,0.25,-0.85,-0.56,0
31.8,31.0,80.0,0.26,-0.83,-0.56,0
31.8,31.0,80.0,0.25,-0.83,-0.55,0
31.8,31.0,80.0,0.26,-0.85,-0.56,0
31.8,31.0,80.0,0.25,-0.83,-0.56,0
31.8,31.0,80.0,0.25,-0.83,-0.55,0
31.8,31.0,80.0,0.26,-0.85,-0.57,0
31.8,31.0,80.0,0.25,-0.85,-0.56,0
31.8,31.0,80.0,0.26,-0.83,-0.56,0
31.8,30.0,80.0,0.24,-0.85,-0.56,0
,32.0,80.0,0.25,-0.83,-0.56,0
,31.0,80.0,0.25,-0.83,-0.57,0
,31.0,80.0,0.24,-0.83,-0.57,0
,31.0,80.0,0.23,-0.83,-0.57,0
,31.0,80.0,0.25,-0.82,-0.57,0
,31.0,80.0,0.24,-0.83,-0.57,0
,30.0,80.0,0.25,-0.83,-0.57,0
,31.0,80.0,0.22,-0.83,-0.59,0
,31.0,80.0,0.24,-0.83,-0.57,0
,31.0,80.0,0.23,-0.83,-0.58,0
,31.0,80.0,0.22,-0.83,-0.58,0
,31.0,80.0,0.23,-0.84,-0.58,0
,30.0,80.0,0.22,-0.83,-0.58,0
,32.0,80.0,0.23,-0.84,-0.57,0
,32.0,80.0,0.22,-0.83,-0.58,0
,31.0,80.0,0.22,-0.84,-0.58,0
,30.0,80.0,0.23,-0.83,-0.58,0
,30.0,80.0,0.22,-0.83,-0.57,0
,33.0,80.0,0.22,-0.83,-0.57,0
,33.0,80.0,0.23,-0.84,-0.58,0
,31.0,80.0,0.23,-0.84,-0.58,0
31.8,31.0,80.0,0.25,-0.83,-0.57,0
31.8,31.0,80.0,0.25,-0.83,-0.58,0
31.8,32.0,80.0,0.25,-0.83,-0.58,0
31.8,31.0,80.0,0.25,-0.83,-0.58,0
31.8,32.0,80.0,0.25,-0.83,-0.57,0
31.8,31.0,80.0,0.25,-0.83,-0.58,0
31.8,33.0,80.0,0.24,-0.83,-0.58,0
31.8,31.0,80.0,0.25,-0.83,-0.58,0
31.8,33.0,80.0,0.25,-0.83,-0.58,0
31.8,30.0,80.0,0.25,-0.82,-0.57,0
31.8,31.0,80.0,0.24,-0.82,-0.58,0
31.8,30.0,80.0,0.26,-0.84,-0.58,0
31.8,32.0,80.0,0.25,-0.83,-0.59,0
31.8,31.0,80.0,0.26,-0.82,-0.58,0
31.8,32.0,80.0,0.25,-0.82,-0.59,0
31.8,31.0,80.0,0.25,-0.82,-0.58,0
31.8,32.0,80.0,0.24,-0.82,-0.58,0
31.8,30.0,80.0,0.25,-0.83,-0.58,0
31.8,31.0,80.0,0.25,-0.83,-0.59,0
31.8,32.0,80.0,0.25,-0.83,-0.58,0
31.8,31.0,80.0,0.25,-0.83,-0.58,0
31.8,32.0,80.0,0.25,-0.82,-0.58,0
31.8,30.0,80.0,0.25,-0.82,-0.58,0
31.8,31.0,80.0,0.25,-0.83,-0.58,0
31.8,32.0,80.0,0.24,-0.83,-0.58,0
,30.0,80.0,0.23,-0.83,-0.58,0
,30.0,80.0,0.23,-0.83,-0.58,0
,30.0,80.0,0.23,-0.83,-0.59,0
,32.0,80.0,0.22,-0.82,-0.59,0
,31.0,80.0,0.23,-0.83,-0.59,0
,31.0,80.0,0.23,-0.83,-0.59,0
,30.0,80.0,0.23,-0.83,-0.58,0
,32.0,80.0,0.23,-0.83,-0.59,0
,32.0,80.0,0.23,-0.83,-0.59,0
,31.0,80.0,0.23,-0.83,-0.59,0
,31.0,80.0,0.23,-0.83,-0.58,0
,30.0,80.0,0.23,-0.82,-0.58,0
,30.0,80.0,0.23,-0.83,-0.59,0
,30.0,80.0,0.23,-0.83,-0.58,0
,31.0,80.0,0.23,-0.83,-0.58,0
,30.0,80.0,0.23,-0.83,-0.58,0
,30.0,80.0,0.23,-0.83,-0.58,0
,31.0,80.0,0.23,-0.83,-0.58,0
,31.0,80.0,0.23,-0.83,-0.58,0
,32.0,80.0,0.23,-0.82,-0.59,0
,32.0,80.0,0.23,-0.83,-0.59,0
,32.0,80.0,0.22,-0.82,-0.59,0
,33.0,80.0,0.22,-0.83,-0.59,0
,34.0,80.0,0.24,-0.82,-0.58,0
31.8,31.0,80.0,0.22,-0.83,-0.58,0
31.8,33.0,80.0,0.22,-0.83,-0.57,0
31.8,31.0,80.0,0.22,-0.83,-0.59,0
31.8,32.0,80.0,0.2,-0.83,-0.58,0
31.8,31.0,80.0,0.2,-0.83,-0.57,0
31.8,32.0,80.0,0.23,-0.84,-0.58,0
31.8,30.0,80.0,0.21,-0.83,-0.58,0
31.8,32.0,80.0,0.21,-0.85,-0.58,0
31.8,30.0,80.0,0.2,-0.85,-0.58,0
,30.0,80.0,0.27,-0.86,-0.48,0
31.8,32.0,80.0,0.23,-0.84,-0.57,0
31.8,31.0,80.0,0.22,-0.85,-0.58,0
31.8,31.0,80.0,0.22,-0.83,-0.56,0
31.8,33.0,80.0,0.21,-0.84,-0.57,0
31.8,30.0,80.0,0.22,-0.84,-0.58,0
31.8,31.0,80.0,0.22,-0.83,-0.57,0
31.8,32.0,80.0,0.22,-0.85,-0.58,0
31.8,30.0,80.0,0.22,-0.84,-0.58,0
31.8,31.0,80.0,0.22,-0.84,-0.58,0
31.8,31.0,80.0,0.21,-0.85,-0.57,0
31.8,32.0,80.0,0.23,-0.83,-0.57,0
31.8,30.0,80.0,0.21,-0.85,-0.57,0
31.8,31.0,80.0,0.21,-0.83,-0.57,0
31.8,32.0,80.0,0.22,-0.84,-0.58,0
31.8,31.0,80.0,0.21,-0.85,-0.58,0
31.8,30.0,80.0,0.22,-0.83,-0.57,0
31.8,31.0,80.0,0.21,-0.85,-0.57,0
31.8,31.0,80.0,0.23,-0.84,-0.57,0
31.6,32.0,80.0,0.21,-0.85,-0.57,0
31.4,33.0,80.0,0.21,-0.84,-0.57,0
31.3,31.0,80.0,0.21,-0.85,-0.57,0
31.3,30.0,80.0,0.22,-0.83,-0.56,0
31.3,30.0,80.0,0.22,-0.84,-0.57,0
31.3,30.0,80.0,0.22,-0.84,-0.57,0
31.3,30.0,80.0,0.22,-0.85,-0.58,0
31.3,31.0,80.0,0.21,-0.84,-0.57,0
31.3,31.0,80.0,0.2,-0.84,-0.57,0
31.3,31.0,80.0,0.2,-0.84,-0.57,0
31.3,33.0,80.0,0.23,-0.83,-0.57,0
31.3,31.0,80.0,0.23,-0.85,-0.58,0
31.3,30.0,80.0,0.22,-0.84,-0.58,0
31.3,31.0,80.0,0.21,-0.85,-0.58,0
31.3,31.0,80.0,0.21,-0.85,-0.58,0
31.3,33.0,80.0,0.21,-0.87,-0.57,0
31.3,30.0,80.0,0.22,-0.84,-0.58,0
31.3,31.0,80.0,0.21,-0.85,-0.57,0
31.3,31.0,80.0,0.22,-0.83,-0.56,0
31.3,31.0,80.0,0.21,-0.85,-0.58,0
31.3,30.0,80.0,0.21,-0.85,-0.57,0
31.3,31.0,80.0,0.2,-0.85,-0.57,0
31.5,31.0,80.0,0.21,-0.85,-0.57,0
31.8,31.0,80.0,0.22,-0.84,-0.57,0
31.8,31.0,80.0,0.23,-0.82,-0.56,0
31.8,31.0,80.0,0.24,-0.85,-0.58,0
31.8,30.0,80.0,0.22,-0.83,-0.56,0
31.8,30.0,80.0,0.22,-0.84,-0.58,0
31.8,31.0,80.0,0.22,-0.85,-0.58,0
31.8,31.0,80.0,0.22,-0.85,-0.58,0
31.8,31.0,80.0,0.22,-0.84,-0.57,0
31.8,31.0,80.0,0.21,-0.85,-0.57,0
31.8,32.0,80.0,0.22,-0.83,-0.57,0
31.8,31.0,80.0,0.23,-0.83,-0.57,0
31.8,30.0,80.0,0.23,-0.85,-0.58,0
31.8,30.0,80.0,0.23,-0.83,-0.58,0
31.8,31.0,80.0,0.21,-0.84,-0.57,0
31.8,31.0,80.0,0.21,-0.85,-0.57,0
31.8,31.0,80.0,0.21,-0.85,-0.56,0
31.8,30.0,80.0,0.22,-0.85,-0.57,0
31.8,30.0,80.0,0.19,-0.85,-0.57,0
31.8,31.0,80.0,0.21,-0.84,-0.57,0
31.8,32.0,80.0,0.19,-0.85,-0.56,0
31.8,31.0,80.0,0.23,-0.86,-0.57,0
31.8,31.0,80.0,0.21,-0.84,-0.57,0
31.8,31.0,80.0,0.21,-0.85,-0.57,0
31.8,31.0,80.0,0.22,-0.85,-0.58,0
31.8,32.0,80.0,0.2,-0.84,-0.57,0
31.8,30.0,80.0,0.22,-0.84,-0.58,0
31.8,31.0,80.0,0.22,-0.83,-0.57,0
31.8,31.0,80.0,0.21,-0.85,-0.58,0
31.8,32.0,80.0,0.11,-0.42,-0.98,0
,31.0,80.0,0.07,-0.41,-1.0,0
,30.0,80.0,0.06,-0.41,-0.99,0
,32.0,80.0,0.06,-0.41,-1.0,0
,31.0,80.0,0.06,-0.41,-0.99,0
,32.0,80.0,0.06,-0.41,-1.0,0
,31.0,80.0,0.07,-0.41,-1.01,0
,31.0,80.0,0.06,-0.41,-0.99,0
,31.0,80.0,0.06,-0.41,-0.99,0
,32.0,80.0,0.05,-0.4,-0.99,0
,31.0,80.0,0.06,-0.41,-0.99,0
,30.0,80.0,0.06,-0.41,-1.0,0
,31.0,80.0,0.05,-0.41,-0.99,0
,30.0,80.0,0.05,-0.41,-0.99,0
,32.0,80.0,0.05,-0.4,-0.99,0
,30.0,80.0,0.06,-0.41,-1.0,0
,32.0,80.0,0.06,-0.41,-1.01,0
,30.0,80.0,0.06,-0.41,-0.99,0
,32.0,80.0,0.06,-0.41,-1.0,0
,30.0,80.0,0.06,-0.41,-0.99,0
,32.0,80.0,0.06,-0.41,-0.99,0
,31.0,80.0,0.06,-0.41,-1.01,0
,30.0,80.0,0.07,-0.41,-0.99,0
31.8,31.0,80.0,0.06,-0.45,-0.99,0
31.4,31.0,80.0,0.03,-0.48,-0.96,0
31.6,31.0,80.0,0.02,-0.48,-0.96,0
31.8,31.0,80.0,0.02,-0.48,-0.97,0
31.8,31.0,80.0,0.02,-0.48,-0.97,0
31.8,31.0,80.0,0.02,-0.48,-0.97,0
31.8,31.0,80.0,0.02,-0.48,-0.96,0
31.8,30.0,80.0,0.02,-0.47,-0.97,0
31.8,31.0,80.0,0.01,-0.48,-0.97,0
31.8,31.0,80.0,0.01,-0.47,-0.97,0
31.8,31.0,80.0,0.02,-0.48,-0.96,0
31.8,31.0,80.0,0.03,-0.46,-0.97,0
31.8,32.0,80.0,0.02,-0.48,-0.98,0
31.8,32.0,80.0,0.01,-0.47,-0.97,0
31.8,32.0,80.0,0.02,-0.47,-0.96,0
31.8,31.0,80.0,0.02,-0.48,-0.97,0
31.8,30.0,80.0,0.02,-0.48,-0.96,0
31.8,30.0,80.0,0.02,-0.47,-0.97,0
31.8,30.0,80.0,0.02,-0.49,-0.97,0
31.8,31.0,80.0,0.03,-0.49,-0.96,0
31.8,31.0,80.0,0.02,-0.49,-0.96,0
31.8,31.0,80.0,0.02,-0.48,-0.96,0
31.8,31.0,80.0,0.02,-0.48,-0.96,0
31.8,32.0,80.0,0.03,-0.48,-0.97,0
31.8,32.0,80.0,0.02,-0.48,-0.96,0
31.8,31.0,80.0,0.02,-0.48,-0.96,0
31.8,31.0,80.0,0.02,-0.48,-0.96,0
31.8,31.0,80.0,0.02,-0.48,-0.96,0
31.8,31.0,80.0,0.02,-0.49,-0.97,0
31.8,31.0,80.0,0.02,-0.49,-0.97,0
31.8,31.0,80.0,0.02,-0.49,-0.96,0
31.8,31.0,80.0,0.02,-0.49,-0.97,0
31.8,31.0,80.0,0.02,-0.48,-0.97,0
31.8,31.0,80.0,0.02,-0.48,-0.96,0
31.8,31.0,80.0,0.02,-0.49,-0.98,0
31.8,31.0,80.0,0.02,-0.48,-0.96,0
31.8,31.0,80.0,0.02,-0.49,-0.98,0
31.8,31.0,80.0,0.02,-0.49,-0.96,0
31.8,31.0,80.0,0.02,-0.48,-0.96,0
31.8,31.0,80.0,0.03,-0.48,-0.96,0
31.8,31.0,80.0,0.03,-0.49,-0.96,0
31.8,31.0,80.0,0.03,-0.48,-0.96,0
31.8,31.0,80.0,0.02,-0.49,-0.97,0
31.8,31.0,80.0,0.02,-0.48,-0.96,0
31.8,31.0,80.0,0.03,-0.48,-0.97,0
31.8,31.0,80.0,0.02,-0.49,-0.97,0
31.8,31.0,80.0,0.03,-0.47,-0.96,0
31.8,31.0,80.0,0.02,-0.49,-0.96,0
31.8,32.0,80.0,0.02,-0.47,-0.96,0
31.8,33.0,80.0,0.01,-0.48,-0.98,0
31.8,31.0,80.0,0.02,-0.48,-0.98,0
31.8,30.0,80.0,0.02,-0.47,-0.96,0
31.8,31.0,80.0,0.02,-0.47,-0.97,0
31.8,31.0,80.0,0.01,-0.47,-0.97,0
31.8,33.0,80.0,0.01,-0.47,-0.96,0
31.8,32.0,80.0,0.02,-0.48,-0.98,0
31.8,30.0,80.0,0.02,-0.48,-0.98,0
31.8,31.0,80.0,0.01,-0.48,-0.97,0
31.8,31.0,80.0,0.02,-0.48,-0.96,0
31.8,31.0,80.0,0.01,-0.48,-0.97,0
31.8,32.0,80.0,0.02,-0.49,-0.96,0
31.8,32.0,80.0,0.03,-0.49,-0.98,0
31.8,30.0,80.0,0.02,-0.48,-0.97,0
31.8,31.0,80.0,0.02,-0.47,-0.97,0
31.8,32.0,80.0,0.02,-0.47,-0.96,0
31.8,30.0,80.0,0.03,-0.47,-0.97,0
31.8,31.0,80.0,0.02,-0.47,-0.98,0
31.8,33.0,80.0,0.03,-0.47,-0.97,0
31.8,30.0,80.0,0.03,-0.47,-0.97,0
31.8,31.0,80.0,0.03,-0.47,-0.97,0
31.8,32.0,80.0,0.02,-0.48,-0.98,0
31.8,31.0,80.0,0.02,-0.48,-0.97,0
31.8,31.0,80.0,0.03,-0.48,-0.98,0
31.8,31.0,80.0,0.02,-0.48,-0.97,0
31.8,31.0,80.0,0.02,-0.47,-0.97,0
31.8,33.0,80.0,0.03,-0.49,-0.99,0
31.8,30.0,80.0,0.02,-0.48,-0.98,0
31.8,32.0,80.0,0.03,-0.47,-0.97,0
31.8,30.0,80.0,0.03,-0.46,-0.98,0
31.8,32.0,80.0,0.02,-0.47,-0.97,0
31.8,31.0,80.0,0.02,-0.48,-0.97,0
31.8,32.0,80.0,0.03,-0.47,-0.97,0
31.8,31.0,80.0,0.02,-0.47,-0.96,0
31.8,31.0,80.0,0.02,-0.47,-0.96,0
31.8,31.0,80.0,0.03,-0.47,-0.97,0
31.8,31.0,80.0,0.02,-0.47,-0.96,0
31.8,32.0,80.0,0.02,-0.46,-0.96,0
31.8,31.0,80.0,0.03,-0.47,-0.97,0
31.8,30.0,80.0,0.02,-0.48,-0.97,0
31.8,32.0,80.0,0.02,-0.48,-0.97,0
31.8,30.0,80.0,0.02,-0.48,-0.97,0
31.8,32.0,80.0,0.04,-0.48,-0.96,0
31.8,30.0,80.0,0.02,-0.48,-0.98,0
31.8,33.0,80.0,0.02,-0.47,-0.97,0
31.8,31.0,80.0,0.03,-0.48,-0.97,0
31.8,32.0,80.0,0.03,-0.49,-0.97,0
31.8,31.0,80.0,0.03,-0.48,-0.96,0
31.8,33.0,80.0,0.03,-0.48,-0.96,0
31.8,31.0,80.0,0.03,-0.49,-0.96,0
31.8,33.0,80.0,0.03,-0.48,-0.96,0
31.8,30.0,80.0,0.03,-0.49,-0.97,0
31.8,32.0,80.0,0.02,-0.49,-0.96,0
31.8,31.0,80.0,0.04,-0.5,-0.98,0
31.8,31.0,80.0,0.04,-0.48,-0.95,0
31.8,33.0,80.0,0.03,-0.48,-0.96,0
31.8,30.0,80.0,0.03,-0.48,-0.97,0
31.8,31.0,80.0,0.03,-0.49,-0.97,0
31.8,31.0,80.0,0.04,-0.48,-0.96,0
31.8,31.0,80.0,0.02,-0.49,-0.97,0
31.8,33.0,80.0,0.04,-0.48,-0.96,0
31.8,30.0,80.0,0.03,-0.49,-0.97,0
31.8,31.0,80.0,0.03,-0.48,-0.96,0
31.8,32.0,80.0,0.04,-0.49,-0.96,0
31.8,31.0,80.0,0.04,-0.48,-0.96,0
31.8,32.0,80.0,0.03,-0.5,-0.97,0
31.8,30.0,80.0,0.03,-0.48,-0.96,0
31.8,31.0,80.0,0.03,-0.48,-0.96,0
31.8,33.0,80.0,0.02,-0.48,-0.98,0
31.8,30.0,80.0,0.03,-0.48,-0.96,0
31.8,31.0,80.0,0.04,-0.48,-0.96,0
31.8,31.0,80.0,0.03,-0.48,-0.96,0
31.8,30.0,80.0,0.03,-0.48,-0.97,0
31.8,31.0,80.0,0.03,-0.48,-0.96,0
31.8,32.0,80.0,0.03,-0.47,-0.97,0
31.8,31.0,80.0,0.04,-0.48,-0.96,0
31.8,31.0,80.0,0.03,-0.48,-0.96,0
31.8,30.0,80.0,0.02,-0.48,-0.97,0
31.8,31.0,80.0,0.04,-0.49,-0.96,0
31.8,33.0,80.0,0.02,-0.49,-0.97,0
31.8,31.0,80.0,0.03,-0.49,-0.96,0
31.8,33.0,80.0,0.02,-0.48,-0.97,0
31.8,30.0,80.0,0.02,-0.48,-0.96,0
31.8,31.0,80.0,0.03,-0.48,-0.96,0
31.8,31.0,80.0,0.03,-0.49,-0.96,0
31.8,31.0,80.0,0.03,-0.48,-0.96,0
31.8,31.0,80.0,0.03,-0.48,-0.96,0
31.8,31.0,80.0,0.03,-0.48,-0.96,0
31.8,31.0,80.0,0.03,-0.48,-0.96,0
31.8,31.0,80.0,0.03,-0.48,-0.97,0
31.8,31.0,80.0,0.03,-0.49,-0.97,0
31.8,31.0,80.0,0.03,-0.49,-0.97,0
31.8,31.0,80.0,0.02,-0.48,-0.96,0
31.8,31.0,80.0,0.03,-0.48,-0.97,0
31.8,31.0,80.0,0.03,-0.48,-0.96,0
31.8,31.0,80.0,0.02,-0.48,-0.96,0
31.8,31.0,80.0,0.03,-0.48,-0.96,0
31.8,31.0,80.0,0.03,-0.48,-0.96,0
31.8,31.0,80.0,0.02,-0.48,-0.96,0
31.8,31.0,80.0,0.03,-0.48,-0.97,0
31.8,31.0,80.0,0.03,-0.49,-0.97,0
31.8,32.0,80.0,0.03,-0.48,-0.96,0
31.8,31.0,80.0,0.02,-0.48,-0.97,0
31.8,30.0,80.0,0.03,-0.48,-0.96,0
31.8,31.0,80.0,0.03,-0.48,-0.96,0
31.8,31.0,80.0,0.02,-0.48,-0.96,0
,31.0,80.0,0.54,-0.19,-0.89,0
,31.0,80.0,0.68,-0.3,-0.74,0
,31.0,80.0,0.62,-0.31,-0.8,0
31.3,30.0,80.0,0.63,-0.3,-0.78,0
31.3,31.0,80.0,0.63,-0.3,-0.78,0
31.3,31.0,80.0,0.63,-0.3,-0.78,0
31.3,31.0,80.0,0.63,-0.3,-0.78,0
31.3,30.0,80.0,0.52,-0.48,-0.77,0
31.3,31.0,80.0,0.92,-0.11,-0.22,0
,31.0,80.0,0.69,-0.49,-0.59,0
,31.0,80.0,0.69,-0.5,-0.6,0
,31.0,80.0,0.54,-0.48,-0.77,0
,31.0,80.0,0.55,-0.43,-0.77,0
,31.0,80.0,0.55,-0.46,-0.76,0
,31.0,80.0,0.59,-0.46,-0.73,0
31.3,31.0,80.0,0.62,-0.48,-0.7,0
31.8,31.0,80.0,0.62,-0.48,-0.69,0
31.8,31.0,80.0,0.62,-0.48,-0.69,0
31.8,31.0,80.0,0.63,-0.48,-0.69,0
31.8,31.0,80.0,0.63,-0.48,-0.69,0
31.8,31.0,80.0,0.63,-0.47,-0.68,0
31.8,31.0,80.0,0.63,-0.47,-0.69,0
31.8,31.0,80.0,0.63,-0.48,-0.69,0
31.8,31.0,80.0,0.63,-0.48,-0.68,0
31.8,32.0,80.0,0.63,-0.48,-0.68,0
31.8,31.0,80.0,0.64,-0.48,-0.68,0
31.8,31.0,80.0,0.63,-0.48,-0.67,0
31.8,31.0,80.0,0.64,-0.48,-0.68,0
31.8,31.0,80.0,0.64,-0.48,-0.67,0
31.8,31.0,80.0,0.64,-0.48,-0.68,0
,30.0,80.0,0.6,-0.48,-0.7,0
,31.0,80.0,0.64,-0.47,-0.67,0
-250.2,31.0,80.0,0.65,-0.47,-0.67,0
,31.0,80.0,0.63,-0.48,-0.67,0
31.8,31.0,80.0,0.64,-0.47,-0.68,0
31.8,31.0,80.0,0.64,-0.46,-0.67,0
31.8,31.0,80.0,0.63,-0.5,-0.69,0
31.8,31.0,80.0,0.62,-0.49,-0.69,0
31.8,31.0,80.0,0.64,-0.47,-0.67,0
31.8,31.0,80.0,0.63,-0.5,-0.69,0
31.8,31.0,80.0,0.63,-0.49,-0.69,0
31.8,31.0,80.0,0.64,-0.47,-0.67,0
31.8,31.0,80.0,0.62,-0.49,-0.69,0
31.8,31.0,80.0,0.64,-0.47,-0.67,0
31.8,30.0,80.0,0.64,-0.48,-0.67,0
31.8,31.0,80.0,0.66,-0.46,-0.66,0
15.0,31.0,80.0,0.67,-0.45,-0.64,0
,30.0,80.0,0.69,-0.45,-0.63,0
,30.0,80.0,0.67,-0.47,-0.67,0
,31.0,80.0,0.66,-0.47,-0.66,0
,31.0,80.0,0.65,-0.47,-0.66,0
,31.0,80.0,0.66,-0.46,-0.67,0
,31.0,80.0,0.66,-0.47,-0.65,0
,30.0,80.0,0.67,-0.47,-0.67,0
,31.0,80.0,0.67,-0.47,-0.66,0
,31.0,80.0,0.66,-0.47,-0.66,0
,31.0,80.0,0.66,-0.47,-0.66,0
,31.0,80.0,0.66,-0.46,-0.66,0
,31.0,80.0,0.66,-0.46,-0.66,0
,31.0,80.0,0.66,-0.47,-0.67,0
,31.0,80.0,0.67,-0.47,-0.66,0
,31.0,80.0,0.66,-0.48,-0.67,0
,30.0,80.0,0.66,-0.47,-0.67,0
,31.0,80.0,0.71,-0.51,-0.53,0
,31.0,80.0,0.69,-0.5,-0.59,0
,31.0,80.0,0.68,-0.51,-0.6,0
,31.0,80.0,0.67,-0.51,-0.6,0
,31.0,80.0,0.68,-0.5,-0.6,0
,31.0,80.0,0.68,-0.5,-0.59,0
,31.0,80.0,0.69,-0.49,-0.6,0
,31.0,80.0,0.69,-0.5,-0.6,0
,31.0,80.0,0.68,-0.5,-0.6,0
31.8,31.0,80.0,0.28,-0.55,-0.91,0
,30.0,80.0,0.47,-0.55,-0.76,0
,31.0,80.0,0.31,-0.55,-0.85,0
31.8,31.0,80.0,0.23,-0.66,-0.9,0
31.8,31.0,80.0,0.39,-0.58,-0.79,0
,31.0,80.0,0.48,-0.57,-0.74,0
,31.0,80.0,0.49,-0.57,-0.74,0
,31.0,80.0,0.5,-0.58,-0.74,0
,31.0,80.0,0.49,-0.58,-0.73,0
,31.0,80.0,0.49,-0.57,-0.74,0
,31.0,80.0,0.49,-0.57,-0.74,0
,31.0,80.0,0.49,-0.57,-0.73,0
,31.0,80.0,0.47,-0.57,-0.74,0
,31.0,80.0,0.48,-0.57,-0.74,0
,31.0,80.0,0.48,-0.67,-0.62,0
,35.0,80.0,0.27,-0.5,-0.91,0
,31.0,80.0,0.4,-0.55,-0.81,0
,30.0,80.0,0.5,-0.54,-0.75,0
,31.0,80.0,0.51,-0.54,-0.74,0
,31.0,80.0,0.51,-0.54,-0.74,0
,31.0,80.0,-0.42,-0.68,-0.59,0
,31.0,80.0,0.38,-0.42,-0.9,0
,31.0,80.0,0.4,-0.41,-0.9,0
,31.0,80.0,0.4,-0.43,-0.89,0
32.3,31.0,80.0,0.46,-0.32,-0.9,1
32.3,31.0,80.0,0.48,-0.35,-0.89,1
32.3,31.0,80.0,0.48,-0.34,-0.89,1
32.8,31.0,80.0,0.48,-0.34,-0.89,1
32.8,31.0,80.0,0.49,-0.36,-0.87,1
32.8,31.0,80.0,0.48,-0.36,-0.88,1
33.3,31.0,80.0,0.49,-0.32,-0.88,0
33.3,31.0,80.0,0.46,-0.36,-0.89,0
33.3,31.0,80.0,0.43,-0.35,-0.9,0
33.3,31.0,80.0,0.44,-0.35,-0.89,0
33.8,31.0,80.0,0.41,-0.37,-0.91,0
33.8,31.0,80.0,0.43,-0.36,-0.91,0
33.8,31.0,80.0,0.41,-0.34,-0.92,0
33.8,31.0,80.0,0.41,-0.35,-0.92,0
33.8,31.0,80.0,0.42,-0.34,-0.91,0
34.2,31.0,80.0,0.46,-0.29,-0.92,0
34.2,31.0,80.0,0.43,-0.34,-0.91,0
34.2,31.0,80.0,0.46,-0.36,-0.89,0
34.2,31.0,80.0,0.43,-0.37,-0.89,0
34.2,31.0,80.0,0.44,-0.36,-0.91,0
34.2,31.0,80.0,0.43,-0.38,-0.9,0
34.2,31.0,80.0,0.45,-0.35,-0.9,0
34.7,31.0,80.0,0.49,-0.4,-0.83,0
,31.0,80.0,0.48,-0.39,-0.87,0
,31.0,80.0,0.49,-0.38,-0.88,0
,31.0,80.0,0.49,-0.4,-0.85,0
34.7,31.0,80.0,0.49,-0.39,-0.85,0
33.8,31.0,80.0,0.48,-0.4,-0.86,0
33.8,31.0,80.0,0.48,-0.39,-0.86,0
33.8,31.0,80.0,0.49,-0.41,-0.85,0
33.8,31.0,80.0,0.48,-0.39,-0.85,0
33.3,31.0,80.0,0.48,-0.39,-0.86,0
33.3,31.0,80.0,0.48,-0.38,-0.88,0
33.3,31.0,80.0,0.49,-0.4,-0.85,0
33.3,31.0,80.0,0.49,-0.39,-0.85,0
32.8,31.0,80.0,0.48,-0.39,-0.85,1
32.8,31.0,80.0,0.48,-0.39,-0.87,1
32.8,31.0,80.0,0.48,-0.39,-0.85,1
32.8,31.0,80.0,0.48,-0.38,-0.87,1
32.8,31.0,80.0,0.47,-0.39,-0.91,1
32.3,31.0,80.0,0.57,-0.42,-0.77,1
,31.0,80.0,0.49,-0.4,-0.85,0
32.6,30.0,80.0,0.48,-0.39,-0.86,1
32.8,30.0,80.0,0.48,-0.38,-0.87,1
32.8,31.0,80.0,0.48,-0.39,-0.85,1
32.8,31.0,80.0,0.48,-0.39,-0.87,1
32.6,31.0,80.0,0.49,-0.4,-0.87,1
32.3,31.0,80.0,0.48,-0.39,-0.86,1
32.3,31.0,80.0,0.48,-0.39,-0.85,1
,31.0,80.0,0.5,-0.41,-0.82,0
32.3,31.0,80.0,0.5,-0.41,-0.84,1
32.3,31.0,80.0,0.5,-0.41,-0.83,1
32.3,31.0,80.0,0.49,-0.39,-0.85,1
32.3,31.0,80.0,0.5,-0.4,-0.84,1
32.8,31.0,80.0,0.5,-0.41,-0.83,1
32.8,31.0,80.0,0.5,-0.41,-0.83,1
32.8,31.0,80.0,0.49,-0.4,-0.85,1
32.8,31.0,80.0,0.5,-0.41,-0.83,1
32.8,31.0,80.0,0.5,-0.4,-0.85,1
32.8,31.0,80.0,0.5,-0.4,-0.85,1
32.8,31.0,80.0,0.5,-0.4,-0.85,1
32.8,31.0,80.0,0.5,-0.41,-0.84,1
32.8,31.0,80.0,0.5,-0.41,-0.84,1
32.8,30.0,80.0,0.5,-0.41,-0.83,1
32.8,31.0,80.0,0.49,-0.39,-0.87,1
32.8,31.0,80.0,0.5,-0.41,-0.84,1
32.8,31.0,80.0,0.5,-0.41,-0.84,1
32.3,31.0,80.0,0.5,-0.4,-0.85,1
32.3,31.0,80.0,0.49,-0.4,-0.84,1
32.3,31.0,80.0,0.5,-0.4,-0.84,1
32.3,31.0,80.0,0.5,-0.39,-0.85,1
32.3,31.0,80.0,0.49,-0.39,-0.85,1
32.3,31.0,80.0,0.5,-0.41,-0.83,1
32.3,31.0,80.0,0.5,-0.41,-0.84,1
32.3,31.0,80.0,0.49,-0.4,-0.83,1
32.1,31.0,80.0,0.5,-0.41,-0.85,0
31.8,31.0,80.0,0.5,-0.4,-0.83,0
31.8,31.0,80.0,0.49,-0.39,-0.86,0
31.8,31.0,80.0,0.5,-0.4,-0.84,0
31.8,31.0,80.0,0.5,-0.39,-0.84,0
31.8,31.0,80.0,0.49,-0.4,-0.84,0
31.8,31.0,80.0,0.49,-0.39,-0.84,0
31.8,31.0,80.0,0.49,-0.39,-0.85,0
31.8,31.0,80.0,0.5,-0.4,-0.85,0
31.8,31.0,80.0,0.5,-0.4,-0.85,0
31.8,31.0,80.0,0.49,-0.4,-0.85,0
31.8,31.0,80.0,0.49,-0.39,-0.86,0
31.8,31.0,80.0,0.49,-0.4,-0.85,0
31.8,31.0,80.0,0.5,-0.4,-0.84,0
31.3,31.0,80.0,0.5,-0.4,-0.84,0
31.3,31.0,80.0,0.49,-0.4,-0.85,0
31.3,31.0,80.0,0.5,-0.39,-0.85,0
31.3,31.0,80.0,0.49,-0.4,-0.85,0
31.3,31.0,80.0,0.5,-0.4,-0.84,0
31.3,31.0,80.0,0.49,-0.39,-0.86,0
31.3,31.0,80.0,0.49,-0.39,-0.85,0
31.3,31.0,80.0,0.49,-0.39,-0.85,0
31.3,31.0,80.0,0.5,-0.4,-0.85,0
31.3,31.0,80.0,0.49,-0.4,-0.85,0
31.3,31.0,80.0,0.49,-0.4,-0.85,0
31.3,31.0,80.0,0.5,-0.39,-0.84,0
31.3,31.0,80.0,0.49,-0.4,-0.85,0
31.3,31.0,80.0,0.49,-0.4,-0.85,0
31.3,31.0,80.0,0.49,-0.4,-0.85,0
31.3,30.0,80.0,0.49,-0.4,-0.85,0
31.3,31.0,80.0,0.5,-0.4,-0.84,0
31.3,32.0,80.0,0.49,-0.4,-0.85,0
31.3,31.0,80.0,0.49,-0.4,-0.85,0
31.3,31.0,80.0,0.49,-0.4,-0.85,0
31.3,31.0,80.0,0.49,-0.4,-0.85,0
31.3,30.0,80.0,0.5,-0.41,-0.85,0
31.3,31.0,80.0,0.49,-0.4,-0.85,0
31.3,31.0,80.0,0.49,-0.41,-0.85,0
31.3,31.0,80.0,0.49,-0.41,-0.85,0
31.3,31.0,80.0,0.5,-0.41,-0.85,0
31.3,31.0,80.0,0.5,-0.41,-0.85,0
31.3,30.0,80.0,0.49,-0.4,-0.85,0
31.3,31.0,80.0,0.5,-0.4,-0.85,0
31.3,31.0,80.0,0.49,-0.4,-0.85,0
31.3,31.0,80.0,0.49,-0.4,-0.85,0
31.3,31.0,80.0,0.49,-0.4,-0.85,0
31.3,31.0,80.0,0.49,-0.4,-0.85,0
31.3,31.0,80.0,0.49,-0.4,-0.85,0
31.3,31.0,80.0,0.49,-0.41,-0.85,0
31.3,31.0,80.0,0.49,-0.4,-0.84,0
31.3,31.0,80.0,0.49,-0.4,-0.84,0
31.3,30.0,80.0,0.49,-0.4,-0.84,0
31.3,31.0,80.0,0.49,-0.4,-0.85,0
31.3,31.0,80.0,0.49,-0.41,-0.84,0
31.3,31.0,80.0,0.49,-0.4,-0.85,0
31.3,31.0,80.0,0.49,-0.4,-0.85,0
31.3,30.0,80.0,0.49,-0.4,-0.85,0
31.3,30.0,80.0,0.49,-0.4,-0.85,0
31.3,30.0,80.0,0.49,-0.4,-0.85,0
31.3,30.0,80.0,0.49,-0.41,-0.84,0
31.3,31.0,80.0,0.49,-0.4,-0.84,0
31.3,31.0,80.0,0.49,-0.39,-0.84,0
31.3,31.0,80.0,0.49,-0.39,-0.85,0
31.3,31.0,80.0,0.49,-0.4,-0.85,0
31.3,31.0,80.0,0.49,-0.4,-0.85,0
31.3,32.0,80.0,0.49,-0.4,-0.85,0
31.3,31.0,80.0,0.49,-0.4,-0.85,0
31.3,31.0,80.0,0.49,-0.4,-0.85,0
31.3,31.0,80.0,0.49,-0.41,-0.86,0
31.3,31.0,80.0,0.5,-0.4,-0.85,0
31.3,31.0,80.0,0.49,-0.4,-0.85,0
31.3,31.0,80.0,0.49,-0.4,-0.85,0
31.3,31.0,80.0,0.49,-0.4,-0.85,0
31.3,31.0,80.0,0.49,-0.4,-0.85,0
31.3,31.0,80.0,0.49,-0.4,-0.85,0
31.3,31.0,80.0,0.49,-0.4,-0.85,0
31.3,31.0,80.0,0.49,-0.4,-0.85,0
31.2,31.0,80.0,0.49,-0.4,-0.85,0
31.2,31.0,80.0,0.49,-0.4,-0.85,0
31.3,31.0,80.0,0.49,-0.4,-0.85,0
31.3,31.0,80.0,0.49,-0.4,-0.85,0
31.3,31.0,80.0,0.5,-0.4,-0.85,0
31.3,31.0,80.0,0.49,-0.4,-0.85,0
31.2,30.0,80.0,0.5,-0.4,-0.85,0
31.2,30.0,80.0,0.49,-0.4,-0.85,0
31.2,31.0,80.0,0.49,-0.4,-0.85,0
31.2,32.0,80.0,0.49,-0.4,-0.85,0
31.1,32.0,80.0,0.49,-0.4,-0.85,0
31.0,31.0,80.0,0.49,-0.4,-0.85,0
31.0,31.0,80.0,0.49,-0.4,-0.85,0
30.8,31.0,80.0,0.49,-0.41,-0.85,0
30.8,31.0,80.0,0.5,-0.41,-0.86,0
,30.0,80.0,0.5,-0.41,-0.85,0
,31.0,80.0,0.5,-0.41,-0.85,0
,31.0,80.0,0.49,-0.41,-0.85,0
,31.0,80.0,0.49,-0.4,-0.84,0
,31.0,80.0,0.49,-0.39,-0.85,0
,30.0,80.0,0.5,-0.41,-0.84,0
30.8,31.0,80.0,0.49,-0.4,-0.85,0
30.8,31.0,80.0,0.49,-0.4,-0.85,0
30.8,31.0,80.0,0.49,-0.4,-0.85,0
30.8,31.0,80.0,0.49,-0.4,-0.85,0
30.8,31.0,80.0,0.49,-0.4,-0.85,0
30.8,31.0,80.0,0.49,-0.41,-0.85,0
30.8,30.0,80.0,0.49,-0.4,-0.85,0
30.8,31.0,80.0,0.49,-0.4,-0.85,0
30.8,31.0,80.0,0.49,-0.4,-0.85,0
30.8,31.0,80.0,0.49,-0.4,-0.85,0
30.8,31.0,80.0,0.49,-0.4,-0.85,0
30.8,31.0,80.0,0.49,-0.4,-0.85,0
30.8,31.0,80.0,0.48,-0.39,-0.85,0
30.8,30.0,80.0,0.49,-0.4,-0.85,0
30.8,31.0,80.0,0.49,-0.4,-0.85,0
30.8,31.0,80.0,0.45,-0.37,-0.81,0
